,budget,popularity,runtime,revenue,rating,totalVotes
0,14000000,6.575393,93,12314651,5,482
1,40000000,8.248895,113,95149435,6.4,1528
2,3300000,64.29999,105,13092000,8.4,7314
3,1200000,3.174936,122,16000000,7.5,115
5,8000000,0.743274,83,3261638,5.1,8
6,14000000,7.286477,92,85446075,5.9,846
9,6000000,4.672036,91,18750246,6.9,107
10,1000000,14.774066,119,117235147,7.7,3388
12,15000000,20.726578,122,356296601,8,6016
13,53000000,13.314233,118,95226116,5.4,429
14,102000000,20.666063,145,358372926,7.3,4272
15,500000,1.018477,97,198,5.9,22
16,26000000,6.336927,85,57891803,6.2,807
18,8000000,6.496259,96,1749457,6.3,348
19,32000000,11.359659,87,85167639,6.2,1651
20,80000000,12.000579,130,136159423,5.2,584
21,4000000,7.99229,95,36690067,5.7,480
26,10000000,4.305735,110,13835130,7.1,110
27,11000000,10.841891,93,7847000,6.7,1095
28,6000000,6.759181,84,5849647,7,192
29,45000000,7.81862,89,94935764,6.1,466
30,13000000,16.086919,112,426480871,8.2,9202
32,90000000,13.412445,106,146936910,5.8,2057
34,140000000,9.718111,91,258022233,6.2,1343
35,30000000,8.234382,94,40346186,6.3,1158
37,50000000,13.676444,127,189859560,6.4,801
39,3800000,3.055936,123,14873,6.5,56
41,3000000,9.718713,126,16217773,7.8,593
42,25000000,2.971999,108,24362772,4.6,55
43,6000000,9.383088,92,1020921,5.9,138
44,15000000,5.615303,88,47175038,6.5,490
45,3906840,2.382068,95,4300000,6.2,41
46,80000000,16.646029,91,660940780,6.6,5358
47,44000000,20.328822,167,155760117,7.7,7425
49,38000000,8.105708,118,120000000,6.5,630
50,560000,1.572904,102,1500000,6.8,18
51,12000000,4.473327,160,25333333,7.4,100
54,20000000,8.759801,107,46069568,5.8,410
57,125000000,17.038824,125,238207122,4.2,2474
59,14000000,3.909079,95,25482931,6,65
60,150000000,23.065078,144,599045960,7.4,5654
61,4000000,1.801071,105,14400000,6.4,34
63,5000000,7.743144,100,14000000,4.8,338
64,12000000,11.160699,115,17654912,7.5,912
65,1500000,8.822276,92,11806119,6.7,632
66,12000000,5.145185,108,204940,5.8,157
68,2000000,14.284787,129,13129846,8.1,1214
69,85000000,2.238808,104,158468292,6.2,2897
70,29000000,12.092096,103,21126225,6.9,686
72,11000000,8.290384,85,8266343,6.4,656
74,445000,2.482536,84,2300000,5.5,13
75,17000000,9.665251,106,24922237,6,970
76,500000,0.660663,157,500000,6.9,13
77,6000000,10.451986,98,39846344,6.7,541
79,1500000,6.636625,102,779820,5.3,343
80,15000000,4.98408,118,9237470,6.4,129
81,10284523,4.349046,104,11588205,5.8,123
82,43000000,10.947957,104,91974818,6.5,961
83,28000000,7.482865,116,40400657,6.7,409
84,2000000,10.239941,85,13101672,5.2,175
85,50000000,7.260574,109,152022101,5.2,350
86,8000000,9.741644,105,106260000,7.5,869
87,7500000,12.314278,91,32392047,6.6,379
88,20000000,13.655178,126,13162475,7.4,642
90,30000000,25.261865,111,180949000,7.9,8638
92,35000000,1.690768,135,15000000,6.4,53
94,15000000,18.184056,147,20117339,7.8,2721
96,2500000,2.942355,98,3358,6.1,63
98,10500000,11.003515,90,23000000,5.8,242
99,6000000,5.529808,120,46616067,6.5,164
100,7000000,7.958502,91,9229401,5.9,105
101,60000000,11.93646,135,313542341,7.8,5061
105,10900000,13.454169,105,16505460,7.2,390
106,31000000,6.523155,105,15134293,6.3,145
107,72000000,20.755149,177,210000000,7.9,5162
108,14000000,3.873796,97,18535191,6.4,86
109,15000000,3.210693,189,34562222,6.4,17
110,75000000,13.136791,123,67631903,6.2,475
111,35000000,5.093704,111,22034832,5.3,184
112,100000000,11.696923,122,93820758,6.6,2022
113,20000000,4.619593,106,51684798,6.4,101
114,93000000,32.070725,178,871368364,8.3,13552
115,25000000,5.00725,86,41604473,5.5,170
119,12716953,6.183021,113,18814720,6.2,230
120,90000000,8.345985,90,347325802,6.5,1797
121,150000000,12.453452,88,448000000,7.4,3304
122,1500000,1.961208,94,5585154,5.3,27
123,25000000,8.369176,115,91036760,5.9,511
124,7500000,16.376657,95,60722734,7.2,5174
125,40000000,14.622493,125,7400000,6.8,73
127,10000000,7.886926,111,12008642,6.5,491
128,18000000,9.929809,100,46201432,4,312
129,2400000,5.230661,120,5731103,7.1,17
130,4000000,10.130541,90,9800000,6.6,240
131,6000000,8.278079,93,5206,5.5,86
133,65000000,11.73956,95,211780824,6.3,2784
134,10000000,11.840495,100,33000000,6.2,342
135,2000000,1.372493,90,300000,6.9,24
137,9000000,8.888278,79,4350774,6.3,54
139,110000000,0.913096,133,407711549,6.9,5704
140,14320000,0.585397,176,14000000,6.3,12
142,3500000,5.353826,108,615816,5.8,174
143,18000000,6.675032,98,382174,4.7,98
144,4000000,6.216637,108,11000000,7.5,186
147,39200000,14.131906,126,86758912,6.8,4458
149,25000000,5.405958,113,432274,5,99
153,4000000,10.200398,91,52425855,4.4,1328
155,20000000,8.759774,72,109862682,6.2,655
156,3500000,0.768181,126,8262833,5.4,22
158,63600000,6.047757,102,19412993,4.9,243
159,32000000,7.54701,107,18552460,6.3,679
160,3500000,4.456904,98,113783,6.7,38
162,125000,10.850569,90,3200000,6.6,185
163,9000000,5.997054,93,17096053,7.5,1099
164,40000000,9.825841,99,62771059,5.5,351
167,19000000,10.966015,122,144216468,6.4,1231
168,5000000,6.501177,113,41833347,6.9,197
169,2000000,11.189831,95,24600832,7.4,1567
172,3500000,8.55931,121,12000000,6.7,53
173,11000000,8.929393,98,2807854,5.5,297
174,12468389,6.116093,97,29007412,5.9,226
175,38000000,1.406181,106,207283925,6.7,5085
176,90000000,5.496624,91,14828081,4.9,153
178,15000000,14.778884,93,125212904,7.3,2572
179,32000000,11.137888,133,156167015,6.1,848
180,30000000,5.844016,130,31148328,6.4,387
183,6000000,9.534232,141,17555141,7.3,492
184,82500000,9.796552,107,237681299,6.1,3655
185,14000000,1.36737,93,161001698,6.8,4
186,5000000,3.172765,95,3833507,6.9,68
187,259000,0.722511,65,921000,6.8,11
188,180000000,16.088366,98,521311860,8,10057
190,4000000,5.263187,86,16675000,5,172
191,40000000,7.271503,110,79700000,5.9,1052
194,4500000,3.311392,97,744816,6.4,44
196,7000000,0.861473,87,136203,4.4,15
197,60000000,12.915358,108,77920346,5.9,341
198,24000000,3.69298,107,12372410,4.8,70
199,12600000,11.695036,106,19054534,6.7,1171
200,85000000,10.254314,97,144000000,5.9,570
201,10000000,11.509677,100,3916303,5.4,155
202,55000000,7.713231,91,110000000,5.8,378
203,75000000,14.302911,87,527068851,6.9,4195
204,3200000,6.174699,94,10000000,5.4,115
205,2000000,5.396271,97,2801508,5.6,124
207,15000000,7.024227,92,66000000,5.3,274
209,100000000,8.140709,136,108103450,6.5,502
210,22000000,7.145784,105,26570463,5.4,235
211,7000000,19.726114,124,470654000,7.6,4541
213,6700000,1.312833,143,31000000,5.9,39
214,20000000,13.132127,105,1969193,6.4,526
215,35000000,7.321172,111,173965010,5.7,2077
216,35000000,6.493765,90,83061158,7.1,146
217,10000000,11.341505,106,85300000,6.6,384
219,2600000,2.203949,105,3166000,8,25
220,12000000,7.216103,132,10652498,7.8,80
222,5000000,1.608163,98,31649,5.5,17
223,49000000,16.628427,127,352927224,6.7,1447
226,50000000,7.668829,105,28931401,5.3,909
227,7500000,8.593196,100,26096852,7,676
228,6244087,11.722424,145,638641,7.8,452
229,14000000,1.596058,139,2474000,5.2,14
230,110000000,7.825072,120,72178895,5.8,1192
231,800000,0.941994,114,1001437,6.2,10
234,30000000,21.791111,140,8574339,6.2,1292
236,15000000,3.450402,87,5600000,5.1,106
238,22000000,11.945397,127,505000000,7.1,2557
239,20000000,5.270187,118,57588485,6.3,166
241,70000000,6.660309,88,18662027,5.8,61
245,19000000,9.106146,109,18755936,6.1,536
246,23000000,14.13488,101,351583407,6.8,4782
247,18339750,7.69224,156,92180910,7.8,1630
248,102000000,9.646208,99,147080413,6.2,1391
249,7920000,11.162277,140,14560084,7,228
250,12560000,4.052991,105,42700000,6.4,168
251,98000000,7.284477,119,10017322,5.8,219
252,8500000,6.57613,104,5001655,5.1,163
254,11178,0.079287,104,34659,8,1
255,9500000,5.847166,88,7800000,6.4,432
256,55000000,10.758754,121,203427584,6.7,2725
257,1000000,1.157582,89,9000000,5.6,30
259,24554,0.154526,95,140021,7.9,6
261,50000000,11.511424,99,87528173,5.7,846
263,10000000,2.849779,99,14000,5.9,98
265,15000000,10.271871,135,13060843,7.4,1085
266,15000000,15.423538,148,56255142,7.8,5337
267,27000,10.513367,92,3151130,7.4,1197
268,40000000,8.778999,93,23937870,5.1,365
270,21000000,8.425361,99,72417394,6.4,455
271,72500000,6.936688,116,162966177,6.3,745
272,12000000,5.845712,94,46044400,5.7,172
273,50000000,12.285545,87,83761844,5,328
274,65000000,10.237996,119,250821495,6.5,1519
276,2915739,0.558002,132,14000000,5.6,7
277,70000000,18.324219,98,164000000,5.7,575
279,65000000,13.455112,120,217764291,7.1,2362
281,30000000,14.811958,95,66486080,6.5,3831
282,12000000,1.575026,100,12902790,5.9,16
283,19000000,4.249948,130,23550000,6.5,138
284,7000000,7.45279,109,48126384,7.3,1673
285,25000000,3.596317,95,1614266,5.5,61
286,9000000,28.920839,117,276921998,7.2,9418
288,24000000,11.269558,110,23510601,5.3,107
289,28000000,13.856199,87,11373501,6.2,213
290,6000000,8.990345,117,254700832,6.7,1175
291,16000000,12.153493,99,5367030,6.6,313
292,65000000,10.543955,137,163442937,7.4,2112
294,160000000,26.628178,137,653428261,6.8,7087
296,60000000,4.924078,104,52322400,6.4,349
297,25000000,8.364587,101,56489558,5.8,360
298,3000000,1.739182,89,9563393,5.1,28
299,9000000,1.80809,94,26055,6.2,39
300,11000000,15.750026,96,48572000,6.6,1465
301,225000,1.533379,87,2850000,7.6,5
305,100000000,14.922399,167,193772504,7.2,3214
306,100000000,12.36223,101,100086793,6.4,905
307,108000000,19.94393,129,22678555,6.2,723
308,30000000,4.902869,104,21800302,5.1,95
309,26000000,7.867999,97,110230332,6.2,1827
310,15000000,10.445867,96,8459458,5.9,876
311,9500000,8.59498,168,12250,7.8,329
312,16000000,1.758079,97,12,4.5,13
314,175000000,19.148182,109,350170057,6.7,2354
315,55000000,11.672394,141,113020255,7.5,1956
316,60000000,10.271517,88,118338361,6.4,538
317,115000000,15.232738,109,286140700,6.4,5120
318,20000000,9.570657,126,27793200,6.9,238
319,12000000,10.312017,113,68706993,7,651
321,85000000,14.170183,106,183018522,5.8,1937
322,135000000,23.501228,156,532950503,7.4,10268
323,90000000,9.112008,100,161626121,6.7,798
324,12000000,7.569698,83,5669831,5.3,32
325,71000000,9.439079,85,294456605,5.5,1441
326,26000000,10.177303,102,116400000,6.6,310
327,40000000,8.062578,108,60965854,6.5,1267
328,15000000,4.582024,117,20529194,6.2,122
329,100000000,15.088318,108,384335608,6,2554
331,23000000,10.861339,139,5837674,6.7,72
332,5000000,6.226054,97,346592,5.9,130
335,25000000,9.453942,124,38307627,6.8,338
336,75000000,17.852022,115,117698894,7.4,9266
338,30000000,9.783762,118,27610873,6.5,466
339,11000000,2.27258,124,2200000,6,27
341,27000000,12.235391,115,60527873,6.3,571
344,60000000,11.234862,105,50549107,6,1612
346,36000000,14.575883,97,87416021,7.1,3037
348,1000000,11.267366,117,3301446,7.9,1328
349,350000,2.96237,85,3515061,7.1,90
350,110000000,13.1984,107,121790373,6.7,2441
351,7200000,12.00491,120,116019547,6.4,867
353,7000000,2.483032,93,10229331,5.1,44
354,20500000,8.333526,102,10089373,5.6,501
356,130000000,8.946243,124,119269486,5.8,668
357,45000000,21.605761,89,788241776,8.2,9427
358,75000000,7.970031,99,14567883,6.1,314
359,65000000,12.738789,136,93525586,6.8,2048
361,2200000,1.132835,154,9700000,6.8,26
362,3300000,4.445867,120,5249225,6.9,23
363,15400000,8.400049,123,25762027,7.2,711
364,90000000,11.3569,157,60289912,7.5,767
365,7000,7.15307,77,424760,6.9,1017
366,12000000,7.88371,99,101332962,6.3,337
369,3300000,5.840554,83,64110728,5.1,776
371,13100000,1.417392,140,4100000,5.3,28
372,40000000,11.185625,106,91753202,6.1,668
373,4500000,6.583161,97,10609321,7.5,447
374,500000,2.884359,97,17000000,5.4,48
375,16000000,6.918821,112,17374595,6.3,220
376,30000000,5.154373,79,100491683,5.8,251
377,14000000,7.495853,115,5080409,7.6,688
378,35000000,11.836827,76,19478106,5.3,408
380,100000000,12.477872,143,170877916,7.5,3634
381,74500000,5.300303,109,62172050,7.1,392
382,8000000,5.137903,98,2000000,6.7,106
384,55000000,10.571434,163,100230832,6.8,753
385,25000000,10.19853,90,229736344,6.2,1335
387,36000000,2.151436,189,1345903,6.1,17
388,20000000,4.850968,85,2128186,4.9,214
389,75000000,9.409379,106,195745823,6,1517
391,7075038,10.181,140,9868942,7.3,125
393,60000000,7.898202,89,129832389,5.7,1082
394,18000000,6.693055,95,72179579,6.2,242
398,40000000,15.228794,112,75505856,7.3,1275
399,13000000,5.305311,95,7820688,6.6,233
400,30000000,9.378926,98,58405313,5.9,232
401,3000000,0.904409,155,6000000,7.2,23
405,17000000,7.417157,100,125586134,5.8,1231
406,30000000,11.781895,102,14110589,5,253
407,19000000,7.923639,125,6682098,6.6,288
408,10000000,15.109261,90,40485039,6.7,696
410,18500000,21.761179,137,183316455,7.9,4812
411,87000000,7.851669,141,148336445,6.9,380
412,28000000,7.598422,115,97594140,7.1,1340
413,800000,0.170979,83,966214,5.6,5
414,65000000,7.446085,83,179379533,6,2797
415,60000000,14.039655,116,149705852,6.2,348
418,2000000,14.379879,100,4601043,6.4,687
419,3750000,0.597058,155,5000000,6.1,24
420,30000000,11.43256,94,151119219,7.5,3650
421,19000000,6.701138,91,40996665,5.8,255
422,2900000,10.92143,90,296557,7.2,290
423,26000000,7.254242,111,29657751,6.3,654
424,9000000,1.139949,100,706000,6,17
426,6000000,5.414213,89,18197398,4.4,189
428,810000,3.099222,106,1258000,6.9,56
429,40000000,16.94556,130,109676311,8.1,7572
430,10000000,6.737797,116,3400278,6.4,642
431,13000000,12.994939,113,96060858,7.5,3568
432,16000000,2.488424,113,109130,5.7,67
433,57000000,9.958406,123,147845033,5.8,683
434,13000000,6.862146,104,11130889,6.2,172
437,40000000,8.739991,88,160583018,6.2,1594
438,7000000,6.924072,108,50888000,6.8,243
439,762241,4.860265,140,285930,7.4,185
440,110000000,12.904677,102,337580051,6,3638
444,10300000,6.165491,120,47748,6.6,154
446,14000000,8.226,97,875386,5.4,169
447,30000000,14.404764,89,254134910,6.1,1399
448,85000000,12.173291,124,315156409,6.3,1319
449,80000000,4.980191,110,5989640,4.7,175
450,23000000,5.950792,111,12,6.2,275
453,5000000,6.546551,93,12534961,5.5,252
456,1288000,8.590813,130,6000000,7.9,592
457,250000,0.003013,82,340147,6.5,10
458,18000000,6.344961,94,88923251,5.7,555
459,7000000,6.950458,104,25405445,6.8,1356
461,22000000,9.627676,110,147880543,6.2,873
462,90000000,14.374866,150,171120329,7.3,2059
464,3000000,2.428279,100,15369573,4.7,34
466,17000000,11.673366,99,270000000,6.7,1662
467,16500000,6.463883,108,13620075,6.4,541
468,16000000,12.260159,100,318982,6,527
470,2000000,0.079856,120,1672730,5,2
471,35000000,23.947351,100,459270619,7.2,9759
472,19000000,8.560694,99,174999005,6.4,409
473,15000000,1.652275,99,23000,5.8,8
474,25000000,4.037707,85,6500000,5.5,15
476,18000000,2.471038,100,6375979,6.3,17
477,3200000,5.510288,100,4267218,5.9,169
478,20000000,6.679168,92,22165608,5.4,256
481,10500000,1.970481,149,9400000,4.7,32
482,48000000,4.556123,132,35743308,6.5,188
483,13500000,3.531089,129,187674,6.2,66
485,25000000,5.481452,122,15478800,6.5,216
486,60000000,7.685548,170,186883563,6.8,542
487,4500000,1.833185,65,3468423,6.4,27
488,9000000,27.756026,104,108782847,6.6,3510
489,250000,1.924535,85,609524,6,23
490,590235,8.888393,92,1725381,7.8,911
491,35000000,5.80986,92,63215872,6.1,357
492,12000000,8.435294,95,66351,5.8,336
494,2000000,2.300459,97,7306,6.2,41
495,25000000,10.323838,99,11838218,5.7,45
496,2800000,12.560942,80,3600000,5.6,125
497,15000000,18.451321,84,44065653,5.7,390
499,80000000,11.760218,89,473226958,6.7,2925
501,57000000,11.82081,123,52034889,6.1,559
503,25000000,4.558992,128,13071518,6.9,112
505,10000000,5.3584,109,10759,6.6,203
506,25000000,10.510245,104,6673422,5.3,199
507,60000000,8.462364,131,102367405,6.3,639
508,60000,10.621362,84,3221152,7.1,1025
509,6500000,9.312354,89,13865435,4.8,486
510,910000,18.211093,108,9600000,8.1,625
511,22000000,9.863789,100,194647323,7.2,1337
513,27000000,8.907074,99,101646581,5.7,451
515,12000000,5.875606,99,21133087,6.7,524
516,2000000,0.570021,156,6000000,5.6,8
517,15000000,11.85302,123,123726688,7.9,5974
518,149000000,294.337037,141,820580447,7.3,11614
519,32000000,8.074218,137,28258060,7.1,1214
520,30000000,8.142166,108,18195610,6,239
522,10000000,7.412826,105,28883511,7,1998
523,13000000,11.14704,220,122700000,7.6,538
525,4000000,6.780752,99,25345000,6.2,233
526,20000000,8.34835,109,17425000,6.2,1082
527,62000000,6.258666,87,41819064,4.2,366
528,78146652,9.097953,125,60000000,5.9,325
529,28000000,6.053567,103,38159905,6,1028
530,4100000,3.826281,135,36000000,6.5,82
532,18000000,6.41742,107,9697739,5.8,84
533,40000000,9.034929,107,126248813,6,1856
534,4000000,4.661689,105,46474,6.2,118
535,45000000,11.221186,160,9323833,6.3,167
536,3000000,0.527297,113,19184015,5.3,3
537,75000000,13.249824,136,335062621,7,2179
538,48000000,14.788987,127,474171806,7.8,4994
540,150000000,11.30428,111,128388320,5.9,1601
541,6900000,6.8652,102,7993039,7.5,907
542,65000000,11.023042,100,40002112,5.2,666
543,79000000,29.423537,179,926287400,8.2,11696
544,8000000,0.537378,149,20000000,6.7,23
545,5800000,0.906143,95,7000000,3.9,17
546,30000000,11.066473,125,105834556,6.8,560
547,3500000,5.732016,93,16324573,6,131
548,9000000,10.182974,99,81705746,5.9,1310
550,13000000,9.142772,81,97837138,6.8,1760
551,49000000,30.206365,120,104399548,6.7,4731
552,40000000,10.939066,98,141591324,5.9,1084
554,14500000,9.298092,108,95789342,7,167
557,8500000,5.590678,96,22456509,5.4,122
558,23000000,7.528276,106,46152411,7.2,1114
559,2700000,10.246132,118,37799643,7,97
562,75000000,11.134888,99,196482882,6.7,3734
563,20000000,8.066726,100,36606743,6.4,1688
566,12000000,4.73816,167,7900000,6.9,123
567,40000000,6.322435,91,36893721,5.5,578
568,12000000,10.159713,100,17768012,5.5,284
569,18000000,4.29831,118,3900000,6.3,41
570,5000000,17.656951,113,82719885,7.2,3040
571,7000000,11.00913,89,16829545,6.1,554
572,80000000,9.554067,117,74901339,6.3,753
573,1000000,3.374229,97,10013424,6.1,93
574,35000000,10.754139,123,211952420,6.4,1688
576,16000000,8.899418,96,48878502,6.4,529
578,16000000,14.906621,114,12434778,6.8,340
582,20000000,9.351557,135,4001121,6.7,315
583,19000000,15.339153,108,25836616,6.9,2775
585,10400000,8.792104,161,310000000,8.1,316
586,1500000,0.446454,162,4400000,9,2
587,40000000,0.75571,107,312242626,5.9,1749
588,90000,0.837849,72,5000000,6.3,9
589,28000000,5.01752,134,5684789,7,163
592,6000000,7.903956,109,44703995,7.4,1683
593,3000000,11.30324,108,11176469,7.4,955
596,8000000,10.434018,120,21028755,6.8,367
597,8000000,5.320117,102,100523181,7.6,3214
598,13000000,5.169999,110,1151330,6.5,86
599,35000000,13.542675,112,42930462,5.9,1446
600,15000000,20.301019,110,356830601,6.8,2912
601,12000000,7.607052,100,60273173,5.6,203
602,65000000,10.90061,132,117487473,6.8,1526
603,16000000,12.069966,97,53478166,7.5,3508
604,5500000,6.389326,109,26414658,6.6,186
605,100000,5.113205,193,11000000,6.4,193
608,700000,2.819298,77,31576,5.9,56
610,12000000,7.075534,82,3769990,6.8,203
611,8575000,16.727405,145,1983204,8.3,1077
612,5000000,10.737565,101,8203235,7.5,2201
613,17000000,5.924226,95,16980098,5.6,268
614,6000000,8.522673,158,28900000,7.5,287
617,35000000,10.378902,94,117270765,5.6,577
618,4500000,14.658885,90,27092880,7,516
620,70000000,10.876463,105,177841558,6.3,468
622,10000000,10.754997,109,4073489,6.7,318
623,85000000,9.434006,130,137298489,6.2,1155
624,22000000,8.473369,84,84772742,4.6,529
625,15000000,14.319743,212,146900000,7.7,1101
627,16000000,5.127876,142,29251596,6.2,112
628,6000000,7.873407,116,6174491,6.8,386
630,16000000,12.646518,126,109502303,7.1,752
631,10000000,4.127728,125,1500000,7.1,98
632,15000000,6.600651,110,30102717,5.5,352
633,100000000,19.382082,106,330579719,5.7,5197
635,27000000,14.225919,102,20158808,7.1,1800
637,23000000,7.667579,98,150816700,6.5,1215
638,300000,1.023164,105,1400000,6.8,8
640,50000000,5.716009,146,73956241,7.4,622
641,50000000,10.337994,95,97437106,7.4,1156
642,39000000,7.830087,116,288752301,6.6,1664
643,13000000,2.326115,84,8026971,4.2,16
645,5000000,9.649312,113,1000000,6.8,375
646,50000000,5.768575,128,94000000,6.4,654
647,9000000,14.304205,98,2500000,5.8,228
649,30000000,11.766244,85,192452832,6.9,1151
650,16500000,10.673167,136,135000000,7.4,633
651,5000000,5.839893,107,12232628,6,96
653,20000,3.111281,111,99000,7.3,97
654,2600000,8.623982,92,553198,7.1,495
655,25000000,7.438934,97,22200000,6.3,324
656,11500000,6.514592,99,20079850,6.6,310
658,13000000,8.378149,161,754249,7.3,702
659,7500000,19.561767,93,8135031,5.7,781
660,54000000,20.214422,132,132511035,7.9,7530
661,5500000,4.711231,116,10016934,5.9,143
662,15000000,14.511442,111,16633035,6.7,582
666,250000000,20.644776,161,958400000,7.6,7234
668,6300000,4.38806,101,419953,6,120
670,2650000,4.471515,147,3100000,7.4,109
671,6400000,1.82294,151,5900000,5.9,43
672,6000000,7.510159,107,3485127,6.6,665
673,4200000,8.233168,114,38376497,6.3,330
674,135000000,13.89018,121,76932943,5.1,476
675,10000000,5.024459,77,11411644,6,85
676,28000000,13.570264,103,60700000,6.4,3532
677,25000000,3.643468,117,777423,6.5,29
679,2500000,5.490505,106,8750000,7.3,532
680,125000000,15.049695,124,544272402,6.4,4039
681,25000000,11.109932,99,11000000,7.2,1230
683,26000000,13.003122,91,183293131,5.3,1258
684,160000000,287.253654,129,1262886337,6.9,10470
685,1271000,7.441117,81,3788000,7.2,128
686,40000000,16.453573,114,86234523,6.8,2223
689,113000000,13.165421,140,850000000,7.2,6975
691,35000000,5.370818,102,11560806,5,132
692,30000000,8.587129,108,180622424,6.2,700
693,5000000,13.524048,112,2450846,6.6,482
697,12000000,17.788579,94,265452,5.6,195
698,6000000,11.732546,137,9077700,7.6,824
699,40000000,9.420931,102,124827316,6.2,874
700,25000000,7.409179,94,38748395,6.7,631
701,5000000,15.021058,94,98450062,6.2,2457
702,11000000,18.344227,95,235483004,6.4,3996
703,2053648,2.691433,102,500000,7.9,26
704,85000000,11.057536,167,59908565,6.4,516
705,1000000,17.911314,112,36764313,8.3,2675
706,1200000,2.017413,113,14363400,7.4,37
708,90000000,14.753545,127,206172544,6.1,2698
709,3000000,6.409512,146,10400000,7.5,50
712,40000000,13.876881,120,120455994,6.9,918
713,80000000,14.987902,132,10166502,6.6,131
714,9250000,2.132964,125,29174648,6.9,43
715,22000000,6.303785,108,24188922,6.6,369
717,27000000,1.408176,132,14683921,6.6,58
721,800000,7.137026,94,62852,7,37
723,11000000,4.08938,100,1044824,5.8,24
724,50000000,30.121292,130,709827462,5.7,4795
725,50000000,16.838145,114,71561644,6.4,1599
727,30000000,9.058516,129,219076518,6.1,2011
728,14000000,0.825638,112,16656125,5.9,15
729,103000000,8.18534,102,500188435,6.3,1655
731,4000000,5.032469,108,56666667,7.7,292
733,4000000,6.314697,121,1954937,7.4,509
734,150000000,26.024868,108,1023784195,7.7,9349
735,40000000,12.337898,89,58662452,5.1,508
736,8250000,11.840985,171,30000000,7.1,135
737,8000000,1.194377,91,1893139,6.2,19
738,40000000,14.384554,134,37279439,7.1,2252
739,40000000,15.010525,124,158733820,7.4,4274
742,967686,11.934045,101,4270000,7,589
743,35000000,10.794556,92,39340177,4.6,263
744,12000000,15.297121,96,78868508,6.6,585
745,14000000,11.090265,112,19777647,7.6,499
746,50000,11.329733,103,249905,6,129
747,6000000,9.023686,96,11122090,6.4,1140
749,25000000,7.257679,107,84565230,6,692
750,30000000,6.734065,103,50451307,5.9,297
751,50000000,9.91556,92,113244290,6.4,1601
753,4500000,11.578578,104,58853106,5.9,757
754,6000000,10.505387,97,10409377,7.1,1418
757,80000000,7.210383,88,163733697,5.6,534
759,23000000,9.604552,124,29541790,6.7,429
760,6500000,9.369527,92,24793509,7.2,1050
761,15000000,7.844705,95,59209,5.8,815
762,2000000,9.02255,137,70000000,8.1,1569
763,200000000,26.114917,116,531865000,6.7,8550
765,105000000,7.291872,114,133718711,5.6,1200
766,40000000,6.159379,107,24719215,6.6,235
767,20000000,16.205105,113,121463226,7.1,3251
769,16000000,2.549325,105,4192440,5.4,70
770,50000000,10.223582,139,25035950,6.6,719
771,9000000,2.089842,135,18130000,7,43
776,130000000,9.566135,165,49554002,6.5,1202
777,150000000,15.884744,103,331957105,5.8,2578
778,22500000,18.908782,116,29252978,7.4,3897
780,5000000,8.645067,87,3305592,6,556
781,13000000,4.654312,123,1646788,6,84
782,40000000,13.689855,108,332000000,7.7,6403
785,2500000,2.296734,95,764083,5.6,9
786,19000000,8.385361,95,70067909,6.3,1511
787,1601792,2.329513,96,253527,5.3,34
789,94000000,6.587711,145,95311434,7.4,319
790,1300000,5.184013,99,72266306,7.2,174
791,40000000,17.496832,83,222300000,7.3,3721
792,13000000,10.890236,83,73180723,5.4,869
793,40000000,2.947411,93,10959475,4.8,42
794,25000000,14.141837,116,93617009,7.3,2194
795,13000000,24.515462,90,20560255,5.6,534
799,110000000,16.747793,117,177238796,6.3,2550
800,5000000,8.585856,108,58978653,6.7,1673
801,3000000,12.822085,94,14016568,6.2,273
802,7000000,3.18614,108,453079,5.9,44
803,15000000,11.179855,83,32056467,7.2,2158
804,20000000,10.605851,72,135680000,5.8,535
805,14000000,11.535478,119,13551174,6.1,584
806,3000000,7.351028,100,18492362,6.7,548
809,75000000,18.311054,121,220021259,5.9,3627
810,42000000,9.874043,124,363889678,7.1,2606
812,33000000,11.840557,98,244386864,6.8,2058
813,15000000,3.94159,95,21000000,6.5,114
814,50000000,12.229381,97,42277365,5.8,623
815,32000000,11.119707,96,60740827,7.1,1380
816,12000000,9.592265,92,41205099,6.5,1209
817,100000,1.522753,90,22000000,5.6,27
819,1000000,2.678923,107,2402459,6.1,27
820,4000000,5.350658,99,9221,5.7,195
821,886000,6.507597,103,2600000,7,84
822,50000000,9.082538,107,170128460,6.1,541
824,110000000,8.555544,76,103951461,5.9,876
825,2700000,7.048957,80,15992615,7.7,1277
826,3860000,8.959821,130,64076736,6.4,367
827,10000000,3.759301,89,150000000,7.3,72
828,54000000,11.415316,121,7266209,3.6,177
829,500000,0.892007,78,11276,6.6,15
830,6000000,2.447359,139,161000000,5.9,62
831,12000000,8.032616,110,3148182,6.7,261
832,150000000,28.505341,140,374218673,7.6,11415
833,14500000,5.892859,82,65497208,5.6,657
834,30000000,10.778028,98,36160375,5.8,633
837,150000000,29.36178,120,378858340,7.4,13685
839,4000000,5.296777,86,9797098,5.5,41
840,10721568,1.68625,122,2978994,7.6,102
843,20000000,5.219667,85,27187375,5.6,118
844,355000,7.503126,72,1012189,7.2,442
845,54000000,17.185349,162,136766062,7.3,2666
846,20000000,16.01076,120,7227038,6.6,807
847,24000000,2.818802,102,2642983,5.8,38
848,6400000,1.856101,140,18000000,6.8,54
850,6000000,9.424157,121,48027970,7.5,951
851,15000000,2.936443,90,2042530,4,31
854,2196531,0.947509,107,2411594,5.4,15
856,7000000,11.37237,109,10000000,5.8,55
857,59000000,17.328902,81,383257136,7.2,6967
858,9750000,11.387338,99,558000,6.1,175
859,13000000,5.53202,115,8038508,7.1,315
860,24000000,4.197544,89,14782676,5.9,76
861,17000000,12.01525,91,97542952,6.4,2530
865,50000000,5.91265,114,9448082,6.7,197
866,151000,1.879162,91,8000000,7,25
868,88000000,6.363884,144,108539911,7.5,1030
869,31000000,15.672195,125,28000000,6.5,418
870,4000000,6.737142,85,6101046,6.1,144
873,50000000,6.752119,135,10382407,5.7,194
874,15000000,16.018525,100,146497771,6.1,2280
875,36000000,7.926621,95,50159144,6.6,337
877,50000000,9.995617,84,38502340,6,627
879,13000000,11.29356,93,48065672,5.7,978
880,7700000,6.914615,123,1072602,6,202
881,200000000,17.285093,108,1025491110,6.5,8056
882,57000000,9.421301,95,149217355,4.7,1893
883,25000000,14.31675,117,77278331,6.5,2155
887,20000000,10.680121,128,54586584,7.3,1060
888,5000000,6.719949,95,368744044,6.3,1072
891,37000000,10.722672,110,37962774,5.1,390
893,25000000,6.570918,100,13000000,6.4,171
894,50000000,6.824871,113,100020092,6.1,376
896,12000000,14.21769,104,114194847,6.8,2039
897,20000000,8.157587,121,18432000,7,497
899,12000000,1.323587,185,19000000,7.2,45
900,20000000,11.112153,93,16863583,5,439
902,185000000,12.577266,122,786636033,5.8,4153
904,100000000,13.473381,90,202026112,6,1083
905,16000000,8.34322,96,92823546,7.4,1780
906,250000000,20.58258,165,1084939099,7.7,13165
907,31000000,14.004074,161,128499205,7.3,536
908,9600000,6.133745,121,2541554,6.6,250
911,3500000,1.333969,105,1492523,7.2,55
912,25000000,11.829231,105,2054941,5.9,405
913,50000000,7.66124,121,50068310,6.6,363
914,9000000,8.475983,120,4600000,7,463
916,6500000,8.344282,98,28451622,6.9,297
918,940000,0.739665,138,5100000,6.5,16
921,5000000,6.585405,96,11642254,5.2,374
923,7000000,7.218957,127,191125,6.8,49
925,5000000,7.392294,91,75143,5.9,134
926,40000000,7.473718,123,96618699,6.2,773
927,195000000,11.606061,114,197687603,5.6,3266
929,5000000,9.841623,116,42365581,6.7,389
930,28000000,10.445141,102,58795814,5.2,528
931,143149,0.091951,94,645135,7.5,2
932,57000000,11.626116,115,159055768,6.5,1564
933,163000000,10.958669,119,174822325,5.5,2935
934,40000000,49.247505,122,171539887,6.9,5117
938,1500000,5.875708,90,1938,6.3,76
939,558000,1.41344,89,2227000,6.8,17
940,8000000,5.052049,112,18948425,6.8,134
941,180000000,19.467404,97,758539785,7.1,7651
942,2000000,12.792394,85,4635300,6.9,1290
944,16000000,4.136356,120,11301649,6.3,79
945,35000000,4.386145,114,43650785,5.5,103
946,100000000,12.845045,103,278731369,6.1,2927
948,44000000,11.924462,96,300400432,6.4,1466
949,13000000,1.884204,100,8475466,5.9,35
950,40000000,5.996407,120,8251071,4.5,16
951,25530000,4.557006,95,20080020,5.4,134
953,17000000,7.812646,111,73244881,5.6,1003
955,13000000,5.138409,95,1832541,6.4,20
957,2600000,3.501564,103,1479042,4.7,76
958,50000000,10.246173,118,142851197,7.2,4244
961,250000000,19.083723,153,933959197,7.6,9712
962,19000000,9.262184,118,141407024,6.6,2730
963,11000000,8.888718,101,807535,5.5,52
964,800000,11.322173,121,921548,8,264
965,25000000,9.304901,93,36400360,5.9,248
967,3000000,5.254847,106,15119639,7.1,169
968,60000000,6.22229,91,163403799,5.1,1604
969,80000000,14.75562,103,274470394,6.1,4384
970,4200000,2.031919,146,10000000,5.7,22
971,13000000,14.90169,112,318000141,7.5,5435
972,8500000,12.421754,138,70600000,7.7,694
973,11000000,9.659244,106,78874843,7.4,2524
974,17000000,16.574021,96,33000000,6.7,1048
975,20000000,8.16645,88,39300000,5.4,205
976,80000000,9.034884,126,39459427,6.5,423
978,60000000,9.471838,148,66976317,6.3,652
980,80000000,8.967638,113,91188905,5.3,603
981,1000000,1.795849,94,1744858,6.6,37
982,6700000,4.987123,96,12118661,6,179
983,26000000,11.890138,115,61489265,6.4,680
984,35000000,13.963892,118,46216641,5.8,1789
986,19000000,2.727017,117,19738015,6.3,31
988,31000000,14.505987,157,134095253,7.6,1253
989,20000000,4.15656,84,1675706,3.3,28
992,609000,7.122093,101,3202000,7.7,114
993,22000000,9.763928,115,28744356,6.8,330
995,6000000,4.664474,141,1530216,5.9,110
996,15000000,9.285519,120,77000000,6.6,311
997,1200000,23.508433,103,103911669,7.4,4454
998,60000000,6.504927,92,164433867,5.7,1031
1000,6788000,7.88101,103,13878334,6.1,156
1001,10500000,8.253705,100,42070000,6.4,409
1002,20000000,10.448481,106,21284514,6.7,301
1004,1000000,10.766409,104,4235151,7.3,334
1005,73000000,8.884406,118,151493655,6.7,1462
1006,2000000,0.717595,90,30,3.8,5
1008,3000000,8.122042,86,19472057,5.9,380
1009,25000000,11.338194,130,56505065,7.5,879
1010,35000000,17.310647,125,140795793,5.8,1656
1012,17000000,11.03595,112,115350426,7.3,3906
1013,12000000,5.914833,114,22750363,7.4,256
1015,9200000,0.882864,157,21000000,6.1,14
1016,40000000,12.589019,99,114830111,6.7,1191
1017,27000000,9.644085,109,29000000,6.2,1037
1018,30000000,12.727269,118,47042000,6.8,6418
1019,10000000,6.703892,92,6272403,5.2,361
1021,75000000,12.287636,114,108000000,6.6,992
1024,4000000,10.714173,94,20045115,7.8,1969
1026,32000000,14.958098,111,27635305,6.9,1745
1028,137731,1.78367,83,1778391,3.9,11
1029,53000000,8.657365,116,157387195,7.1,763
1030,1800000,5.550496,93,21107746,6.9,580
1031,2000000,7.636625,90,11125849,7.9,470
1032,5000000,7.66414,106,40266982,7.3,361
1035,15000000,6.617708,115,30127963,6.6,176
1036,280379,8.913793,90,364937,6.3,80
1037,30000000,8.599342,92,35078241,6.4,226
1038,135000000,13.047776,112,245623848,5.9,1727
1040,40000000,6.475665,130,5446000,6.4,128
1041,56000000,7.81645,95,113006880,5.9,1479
1042,100000000,18.932203,131,347451894,6.5,3272
1044,2000000,3.462653,123,38135878,6.5,55
1045,14000000,14.260779,119,320145693,6.7,553
1047,15000000,10.527141,111,76286096,7.1,598
1048,5000000,8.466725,97,26888376,6.9,616
1049,60000000,12.789812,130,218340595,6.4,3967
1050,68000000,10.466306,121,29762011,5.8,362
1052,50000000,4.909738,114,10541523,6.1,125
1054,17000000,6.590093,98,14899417,6.8,292
1056,2500000,3.750365,90,107559,6,60
1057,55000000,15.214342,94,187361754,5.8,1426
1059,40000000,12.189038,130,191185897,6.4,702
1060,23000000,11.076971,163,43984230,7.6,599
1062,1200000,0.584397,85,1404,4.6,9
1063,180000000,18.13542,143,748806957,7,5275
1065,85000000,12.16276,122,311312624,6.6,3241
1066,12000000,7.594102,84,9584131,6.6,866
1067,6500000,8.254209,114,51079064,6.7,136
1069,2900000,4.919716,113,5596708,8,260
1070,20000000,6.496913,108,6819587,6.7,202
1072,4500000,6.874828,102,7390108,8,4475
1073,4500000,8.786269,95,123820,4.8,135
1075,800000,7.974726,91,1984662,6.1,489
1077,20000000,3.782547,96,22471595,5.2,90
1079,7000000,6.868022,95,6860853,6.9,474
1080,25000000,7.308162,83,80936232,5.6,402
1081,15000000,13.183804,110,120207127,7.1,2155
1083,15000000,4.643981,88,52970014,5.6,357
1087,11000000,7.915368,95,72778712,6.3,475
1090,15000000,14.14078,108,36869414,7.6,7551
1091,5000000,1.962873,90,1189612,5,34
1093,6000000,41.109264,175,245066411,8.6,9368
1094,85000000,14.043416,136,194168700,6.9,2333
1095,58000000,14.686036,130,352194034,6.8,1836
1096,10000000,5.13955,93,26330482,6.5,206
1097,12000000,2.162781,90,80000000,5.8,59
1098,38000000,8.898988,110,112343513,6,1859
1099,15000000,3.96986,96,40590000,6.2,85
1102,27000000,3.104943,124,14859394,6.7,87
1103,30000000,7.645827,113,33013805,6.7,478
1104,13500000,8.969705,90,3342697,5.5,126
1106,7200000,5.553737,99,2300000,6.3,38
1107,20000000,8.801032,100,8352885,6,797
1108,95000000,15.297821,102,114178613,5.3,1462
1109,9000000,19.827546,87,44196684,6.4,1108
1112,42000000,11.214779,90,60845711,5.3,467
1113,5600000,8.853168,85,18469680,6.5,852
1114,17000000,10.250997,105,12355798,5.9,494
1115,14000000,9.781451,125,185438673,6.7,786
1116,40000000,13.02535,86,38172500,6.9,373
1117,40000000,12.520688,114,141069860,5.9,1371
1118,62000000,6.318445,106,107879496,6.6,296
1119,39000000,10.296047,87,35287788,6.8,1575
1120,8500000,9.099731,97,32222567,6.9,817
1121,4000000,8.16339,96,31584901,6.5,720
1122,8000000,6.040486,98,59612888,6.8,295
1123,44000000,11.342024,125,63327201,6.2,2643
1124,105000000,20.151037,100,408579038,5.8,2225
1125,60000000,13.214068,104,105178561,6.3,683
1126,220000000,89.887648,143,1519557910,7.6,17988
1127,75000000,7.116537,99,14010690,5.1,234
1128,350000,10.421679,85,29400000,7.3,1563
1129,2600000,11.600224,91,2850263,6.1,35
1131,3537415,9.117054,162,1390172,7.1,452
1132,100000000,9.615691,121,230884728,6.7,2996
1133,2000000,6.536006,118,11540607,7.5,587
1135,26000000,6.866634,99,36800000,4.6,186
1137,22000000,6.760321,116,15400000,6.6,1025
1139,100000,8.003815,96,444098,6.5,405
1140,20000000,39.39497,116,229400000,8.4,6712
1142,19000000,10.874079,95,8247943,6.4,295
1143,878000,13.916101,102,10462500,8.1,2356
1145,12000000,6.829528,98,84500122,5.1,457
1148,17000000,11.454835,97,129042871,7.1,4401
1149,300000,7.90622,88,2750275,7.1,170
1150,2000000,9.551293,153,9250000,7.4,774
1151,150000000,5.587707,144,709709780,6.7,6171
1152,22000000,7.719173,175,50750000,7.2,312
1153,8000000,8.762536,95,60641,6.9,68
1154,27000000,9.848674,117,16519460,5.9,203
1155,3200000,6.72639,105,5332926,6.9,502
1156,300000,1.687901,88,1750211,7.3,40
1157,3500000,6.261686,96,7339398,6.8,66
1158,90000000,10.338222,106,174578751,5.9,2883
1159,32000000,9.796962,93,147332697,7.2,4185
1160,13000000,15.295949,125,2636637,6.6,206
1162,3400000,5.101153,94,31063038,6.5,133
1163,19000000,1.418221,93,2119994,5.6,16
1164,30000000,6.34785,105,53898845,6.3,362
1165,16000000,7.404835,124,34786960,7.1,46
1166,1250000,14.605464,92,8500000,6.8,141
1167,10000000,17.046052,97,30658387,5.3,144
1168,3250000,1.393391,107,32788,6.7,10
1169,4000000,16.861533,77,87404651,7.2,2647
1171,30000000,13.371056,92,54819301,5.2,201
1176,18000000,9.309967,117,25005257,7.1,628
1177,80000000,10.796939,129,96105964,6.3,665
1180,10500000,11.548303,99,100659,5.1,151
1181,85000000,11.03897,88,222231186,6,2975
1182,90000000,24.30526,126,263920180,7.4,5862
1183,9000000,7.720692,102,8303261,5.1,285
1184,12000000,16.274653,125,307166834,7.6,6755
1187,747000,2.775402,107,44566,7.2,76
1189,1119000,0.948775,103,2019000,4.5,2
1191,20000000,9.830382,109,46089287,6.7,2765
1192,15000000,7.603652,97,64256513,6.9,408
1193,10000000,3.492576,89,598645,4.6,101
1195,100000000,11.174041,115,94882889,6.4,1095
1196,30000000,7.566321,124,82150642,7.2,611
1197,5000000,1.845554,99,846704,3.6,28
1199,65000,2.799356,99,416498,5.8,78
1200,13000000,7.17548,119,51723285,6.7,164
1201,25000000,14.723646,117,71009334,5.1,1021
1203,62000000,7.879924,116,127666415,6.3,514
1205,6000000,10.124544,99,50244700,7.1,1219
1207,23000000,9.327986,89,51881013,3.7,381
1208,6000000,14.044122,100,213954274,7.3,2712
1209,10000000,14.014025,103,83557872,7.8,4433
1210,52000000,6.906145,112,75450437,6,1271
1211,18000000,4.558075,338,871279,7,77
1212,5000000,9.069963,135,13269963,7.1,126
1217,55000000,14.178281,108,330444045,6.6,3039
1218,7000000,4.896196,101,3218666,6.7,171
1219,5000000,4.800426,106,1296184,5.6,137
1220,15000000,7.942084,94,20566327,5.9,609
1222,200000000,13.693002,106,559852396,5.9,3727
1223,20000000,8.129407,82,80547866,4.2,603
1224,100000000,23.247298,124,142337240,6.2,2505
1226,28000000,6.062425,91,10126458,4.9,228
1227,1750000,4.250819,109,2200000,6.2,13
1228,20000000,6.612175,105,16974459,6.4,474
1229,150000000,12.533525,109,215283742,5.9,2665
1230,15000,12.706424,86,193355800,5.9,2507
1231,26000000,11.519662,116,109449237,6.3,3374
1233,15000000,5.764399,123,21032267,5.3,58
1234,28000000,11.476443,136,186438883,7.4,1237
1235,7000000,15.280219,90,7644937,6.1,414
1236,60000000,8.810961,127,80154140,6.9,548
1237,11000000,8.046375,109,4491986,3.7,57
1238,1500000,6.466688,93,30553394,5.5,546
1239,1000000,5.760319,98,9138338,6.9,284
1241,13800000,11.613655,119,52293982,6.8,507
1242,26000000,4.920175,94,38793283,5,127
1243,105000000,18.50194,91,716392705,7.2,8979
1244,21000000,13.217421,92,43928932,6.6,2642
1245,1200000,5.39865,115,2736000,6.7,21
1246,11800000,8.364201,118,40272135,7.4,1786
1247,1500000,8.504511,78,30448000,7.1,1778
1248,72000000,9.997032,125,96889998,6.6,1201
1249,225000000,12.490891,150,419651413,6.5,3234
1250,5000000,3.531682,94,5476060,6.2,72
1251,7500000,5.795045,93,296000000,6,1037
1256,36000000,17.714247,109,44350926,5.9,395
1259,1500000,4.948569,96,418961,6.2,157
1260,5000000,5.59686,120,3099314,7.2,745
1262,5000000,1.155075,97,2970,5.1,26
1263,15000000,3.4949,97,4627375,5.2,85
1264,60000000,11.328316,109,31720158,6.6,383
1266,16000000,10.264597,93,68411275,6.2,261
1267,7000000,9.107829,108,46488,5.8,108
1268,10000000,6.426937,100,25605015,6.2,196
1269,802000,6.165341,104,4371000,6.7,22
1270,260000000,14.670353,132,284139100,6.1,3132
1271,120000,1.62632,87,14904,5.3,24
1272,6000000,15.11549,139,102272727,7.6,2387
1273,13000000,6.236729,99,16929123,6.5,163
1274,25000000,7.492912,132,8613462,6.8,191
1275,230000,4.788002,89,25000000,6.1,287
1276,18000000,4.918419,120,40239,6.5,109
1278,5000000,5.587765,109,16554699,5.6,132
1279,1000000,1.896218,93,2228115,5.5,25
1281,9000000,8.832907,90,46,6.9,805
1282,4000000,5.757907,143,6000000,6.1,120
1283,4000000,2.999052,92,350006,6.2,67
1284,2000000,4.126083,105,21665468,6.6,117
1285,50000000,14.383185,106,41482207,6.4,1133
1286,22000000,9.737907,117,67642693,6.5,335
1287,700000,11.118844,112,2594000,6.9,110
1288,1700000,11.644764,93,8844595,5.7,333
1290,15000000,4.079853,96,12308521,4.8,27
1291,8000000,11.842837,163,27187653,6.9,108
1292,45000000,6.922458,106,11203026,6.1,250
1293,40000000,7.001645,90,151161491,6.3,1047
1294,24000000,4.233081,134,21049053,5.8,101
1295,20500000,16.603041,99,87987055,4.3,486
1296,28000000,6.000716,99,33000337,4.7,260
1297,10700000,1.060709,89,1238080,2.9,7
1300,35000000,10.430238,97,116980662,6.3,3894
1302,44000000,4.393576,219,3484331,6.7,103
1303,1500000,8.168694,129,9600000,8,420
1305,18000000,7.263988,114,25739015,6.9,1304
1306,25000000,7.637345,98,64437847,6.5,440
1308,7000000,13.546984,114,3646994,5.9,42
1309,61000000,154.801009,145,369330363,7.9,9623
1311,3900000,6.997888,120,28350000,7.6,150
1312,30000000,17.955897,90,90259536,7.1,1733
1313,33000000,19.628834,112,49100000,5.9,1177
1314,5000000,15.909181,91,6341855,5.2,297
1315,5000000,8.405672,124,26010864,8,1349
1316,2200000,9.094477,92,21930418,5.1,366
1317,722083,0.817488,120,499168,8.2,10
1318,8000000,6.963023,113,11715321,6.5,94
1319,30000000,12.130803,84,495303,6.3,1170
1320,110000000,20.547925,114,470490832,6.1,4833
1321,65000000,18.860681,123,128905366,5.8,1940
1327,25000000,6.196929,114,27122040,6.1,654
1332,150000000,4.351756,150,836297228,6,4652
1334,120000000,7.888013,119,227817248,5.5,1774
1337,1200000,4.928139,85,2600000,6.8,199
1338,12000000,12.01334,103,7070330,6.1,203
1339,6000000,1.822246,99,4588176,5.1,14
1340,35000000,13.955376,91,68349884,5.5,930
1341,30000000,9.524298,104,196114570,7.1,2241
1343,7000000,14.054862,96,20256975,5.2,80
1345,40000000,10.855502,121,149295601,7.4,2173
1347,80000000,11.341084,102,169852759,5.3,820
1348,6000000,5.253453,92,14717854,5.8,122
1349,30000000,13.413895,130,15395087,6.4,418
1351,38000000,10.307277,90,29907685,5,222
1352,55000000,5.304043,100,11466088,5.1,91
1353,30000000,7.575696,112,102820008,6.8,2332
1355,85000000,7.680762,145,162242962,7.5,1204
1356,25000,3.985181,95,25000,5.9,59
1359,11000000,9.003792,94,3639345,5.1,329
1362,35000000,6.332878,102,155545279,6.3,971
1364,5700000,8.075698,110,19300483,7.4,509
1366,11000000,9.056173,94,593683,5.9,647
1367,1200000,6.486117,99,7000000,7.1,271
1368,6000000,0.651625,82,9000000,5.9,18
1369,8000000,7.030308,122,49000000,6.9,96
1370,16000000,6.62363,114,50007546,4.8,171
1373,35000000,7.759429,96,2106557,5.3,527
1374,23000000,5.307984,98,12803305,6.7,250
1375,20000000,14.753931,115,41627431,6.5,1002
1377,37000000,7.387171,115,165335153,6.7,2233
1378,12000000,4.926507,116,6754898,5.8,123
1379,3800000,10.083019,122,17804565,7.2,115
1380,325000,0.867549,118,1600000,8.4,15
1381,2883848,11.845107,122,25000000,8.2,1444
1382,800000,7.271526,100,867714,6.6,263
1383,116000000,7.240753,108,178127760,5.9,729
1384,20000000,5.762343,105,132675402,5.6,304
1385,21000000,5.484379,91,970816,6.4,441
1386,55000000,7.991168,125,9450897,5.9,137
1387,5000000,10.996308,83,205703818,5.9,1130
1389,44000000,9.198283,147,165615285,7.5,1314
1390,31000000,10.163266,118,68106245,7.1,750
1392,165000000,13.697597,108,471222889,7.3,7188
1393,50000000,7.579855,83,151165787,6,398
1394,190000000,22.296076,130,209154322,6.2,4399
1396,85000000,11.526339,85,149044513,6.1,1114
1397,62000000,10.618141,137,1060056,7.1,556
1398,55000000,12.202063,116,18626419,5.9,326
1399,50000000,16.075615,116,62788218,7.1,3924
1400,125000000,16.83711,92,346864462,6.7,1758
1401,45000000,9.510762,111,212000000,6.4,1792
1403,27000000,4.631978,117,44352417,6.1,440
1404,3000000,0.129004,94,6804016,5.4,5
1405,30000000,8.047735,111,36894225,6.2,1558
1407,70000000,11.898185,99,218613188,7.1,1755
1408,11000000,4.890067,86,23978402,4.2,71
1410,13000000,14.017754,132,3500605,7.4,846
1411,13000000,8.611077,94,68572378,6.7,1696
1412,15000000,14.421528,103,108286421,6.9,4359
1414,40000000,14.840318,119,65754228,6.6,554
1417,40000000,12.637158,128,176997168,6.9,613
1418,2800000,8.173864,87,26279000,6,31
1419,700000,0.712844,85,1179676,6.3,17
1420,3000000,1.017103,80,1449945,3.9,18
1422,32000000,13.332387,155,57284237,7.3,546
1423,24000000,6.562982,89,30551495,5.2,219
1425,270000000,13.284712,154,391081192,5.5,2194
1426,46000000,7.420019,99,107196498,5.7,473
1427,25000000,11.746053,104,119772232,5.8,264
1428,60000000,8.259952,87,78309131,5.5,1074
1429,30000000,6.212898,98,102000000,6.2,208
1430,13000000,6.361343,129,23727301,6.9,260
1431,5000000,13.336773,97,9760104,7.6,2867
1432,38000000,8.450799,96,205298907,6.5,1843
1433,645180,5.841931,103,14743391,7.7,351
1434,250000,0.386717,97,23859,5.5,3
1435,22500000,9.615664,112,15520023,6.8,653
1438,5200000,6.700173,99,2459895,6.2,80
1439,26000000,12.638573,90,90426405,6.1,1833
1441,3500000,6.488277,72,3775000,6.3,810
1442,10000000,12.928712,129,443684,5.3,437
1443,2410000,9.110348,100,10755447,5.5,98
1445,18000000,7.69684,94,25312387,5.9,250
1447,5000000,0.619657,94,3000000,4.7,13
1448,5000000,7.007993,91,5129058,6.8,279
1450,60000000,8.905732,127,87784194,6.8,773
1451,22000000,10.77166,97,413454,5.9,163
1452,25000000,11.299673,170,65884703,8.1,5032
1454,40000000,9.530278,135,31670620,6.9,268
1455,13000000,2.62835,95,3752426,4.5,44
1456,800000,2.46167,105,6792000,8,31
1458,4361898,2.873356,92,3031801,6.1,40
1459,3500000,6.097684,103,4159678,6.7,778
1460,116000000,9.86738,170,102000000,7.1,2479
1462,8000000,8.172013,101,6491240,7,1215
1463,950000,9.62025,103,7022209,6.8,1311
1464,5000000,1.792402,125,55635037,4.4,32
1465,4200000,8.803869,114,32000000,6.2,325
1466,50000000,10.337211,88,224803475,5.9,4353
1467,35000000,11.736241,108,57120318,6,1226
1468,210000,3.424057,80,5000000,6.7,61
1469,6000000,13.293569,115,1317657,6.9,139
1470,4000000,1.760091,72,1730000,6.2,37
1471,6000000,6.714577,110,102308889,7.6,974
1472,20000000,5.990572,112,153698625,6,769
1473,6500000,23.242452,99,255273813,5.6,3067
1474,3705538,7.404329,112,62548947,7,291
1475,12000000,8.816951,91,37170057,6,110
1476,12000000,8.025118,106,11293663,7.1,848
1477,95000000,9.785895,118,226497209,6.1,3882
1478,20000000,12.763976,107,4634062,4.4,224
1480,1752000,11.709777,110,5000000,8.4,951
1481,12000000,13.065315,107,43493123,6.2,721
1482,33000000,7.418574,105,62022014,5.2,801
1483,23000000,12.21459,101,79799880,6.5,906
1485,3000000,5.493697,139,2807390,7.6,314
1486,25000000,13.72021,87,10736401,6,70
1491,5500000,2.942711,123,22159216,6.9,74
1492,25000000,8.88057,107,147780440,6.2,2361
1493,7000000,5.701278,90,13818181,2.9,159
1494,3000000,10.893224,87,11947954,5.4,717
1495,45000000,3.733574,103,2154540,4.5,22
1496,70000000,6.753746,116,202466756,5.6,1959
1497,5000000,10.510468,90,38610009,5.3,245
1498,65000000,0.948759,95,240159255,5.7,2204
1499,650000,7.814255,98,33245,6.2,400
1500,72000000,11.211568,106,408247917,6.5,2625
1501,18000000,7.521346,122,26828365,7.5,592
1502,12000000,12.159818,110,81272766,6.3,559
1505,28000000,7.954623,108,16374328,5.7,1111
1508,30000000,2.899809,140,13130349,6.8,42
1510,68000000,10.97633,116,118063304,6,494
1511,30000000,21.946943,81,373554033,7.9,9395
1513,10000000,6.370105,101,1631839,5.3,50
1514,10000000,17.602928,97,52882018,5.8,1054
1515,65000000,19.083823,157,84785914,7.4,3841
1516,25000000,8.338562,109,163670000,6.8,1913
1517,800000,11.84696,93,14000000,5.7,376
1519,8000000,9.609879,103,82703,7.5,467
1521,130000000,10.747642,100,243843127,5.1,3883
1523,18000000,9.746725,105,1831348,6.6,114
1524,88000000,21.14796,105,243637091,5.6,4171
1525,777000,8.152085,86,2437000,6.6,393
1526,42000000,8.371005,115,63781810,6.1,302
1527,2000000,3.3924,85,2260622,4.8,85
1528,12000000,4.726238,106,21026290,6.6,435
1530,10000000,7.176601,96,47410000,5.6,227
1531,36000000,9.244469,84,189712432,5.8,995
1532,15000000,11.239012,107,59389433,7.2,1937
1535,850000,3.334942,107,819939,7.1,103
1536,14000000,8.093442,106,16002420,7.3,888
1538,4798235,9.336568,107,209696,6.4,747
1539,10000000,3.033797,98,1759252,7.1,91
1542,4000000,5.099557,100,29456000,6.4,205
1545,20000000,10.038613,98,51416464,6.2,953
1547,90000000,11.605735,87,182290266,5.3,929
1548,500000,0.482527,157,500000,6.1,6
1549,2500000,1.216497,84,230069,5.4,22
1550,145000000,12.256689,102,609123048,7.7,5085
1552,30000000,8.040589,138,135130999,7.4,630
1555,17500000,7.481125,110,19179969,5.8,243
1556,7000000,6.904831,91,560069,6.8,430
1557,75000000,8.940007,129,142400065,6,1479
1558,27220000,12.388833,105,5496951,6.3,726
1559,22000000,11.275132,105,9479718,5.2,316
1560,1200000,8.471302,81,760883,6.2,62
1561,7000000,7.791952,98,19595031,6.4,175
1563,6000000,12.457908,108,30471,7.3,1212
1564,15000000,7.492658,140,35485608,6.9,2599
1565,28000000,13.143061,130,133346506,7.3,4258
1567,2000000,11.276024,108,22179430,6.7,211
1568,70000000,3.062626,101,11263966,5,57
1571,40000000,6.417385,101,84601681,6.2,765
1572,9100000,4.23908,183,76000000,7,131
1573,450000,2.333661,84,973525,6.3,62
1575,10500000,4.668541,89,11582891,4.9,86
1576,4000000,11.609441,102,119723856,7.4,3195
1577,1000000,2.301183,96,16000000,6.4,26
1578,28000000,17.26045,117,96188903,7.1,7079
1580,1300000,6.636872,105,10750000,7.4,369
1581,10000000,0.524432,127,25800,7.7,6
1582,25000000,1.466461,87,12000000,5.5,39
1583,9000000,6.484495,114,28607524,7.2,212
1584,17000000,7.19669,95,20455276,5.8,197
1586,44500000,14.238234,120,232324128,7.2,4868
1587,30000000,8.032638,91,15556340,4.6,334
1588,35000000,8.155604,112,23083334,6.2,570
1591,31000000,5.418428,103,53208180,6.3,659
1592,1250000,8.731331,101,11000000,7.6,192
1593,45000000,6.84109,109,92374674,6.7,934
1594,12000000,6.140116,89,40855419,5.7,533
1596,10000000,6.638116,89,26488734,6.1,715
1597,16000000,9.101896,89,66468332,5.5,812
1598,150000000,1.456541,107,373062864,6.2,6085
1599,2000000,0.570293,90,696681,5.3,6
1600,50000000,6.496271,88,6808550,5,116
1601,70000000,16.316318,92,215529201,6.2,3552
1603,20000000,13.591485,108,17280326,5.7,345
1604,4520000,3.372304,101,7175592,6.1,56
1605,6000000,7.217205,111,5809330,7.5,425
1606,11000000,12.293202,109,161789,6.6,145
1607,40000000,13.256679,111,240978,6.1,111
1608,50000000,17.126768,114,159773545,6.3,2603
1610,15000000,3.550711,94,9902115,5.3,94
1611,73000000,11.604533,98,103891409,5.9,529
1612,14000000,8.30721,98,154864401,7,879
1613,50000000,9.930326,130,38955598,7.4,837
1614,19000000,10.187278,93,40846082,5.5,353
1615,30000000,11.589835,112,210819611,7.3,5121
1616,18000000,6.303384,122,11500000,6.3,45
1618,891000,0.179246,89,229000,6.8,6
1619,43000000,10.536255,136,80049764,7.1,497
1620,55000000,15.178338,134,127600435,6,530
1621,662141,1.233446,98,1606624,7.1,12
1622,400000,0.218588,97,43719,6,2
1624,85000000,14.048694,93,252712101,7.5,3488
1625,45000000,13.53003,105,73762516,6.1,1894
1628,1800000,6.694959,104,41158757,7.5,699
1630,260000000,39.186819,149,604942143,6,3026
1631,15000000,9.895652,107,34533783,7.5,2269
1632,3000000,1.412333,73,19010585,5.7,25
1633,30000000,7.554848,84,133949270,6.5,341
1634,7000000,11.789813,119,200182160,7.1,1819
1635,30000000,4.655727,101,13273595,4.5,105
1637,25000000,6.851628,92,4152230,6,272
1639,17000000,5.772293,101,78247647,5.8,373
1640,4600000,4.342418,186,25000000,7.5,100
1641,4500000,7.522655,86,1261000,6.6,179
1642,110000000,17.159576,119,333011068,6.2,1448
1643,61000000,41.225769,132,311256926,6.6,5987
1644,1000000,7.666558,129,34522221,7,116
1646,20000000,17.136672,104,35739755,6.5,927
1647,15000000,15.388875,100,78054825,7.5,6288
1648,500000,0.321515,95,10300,6,1
1649,7000000,7.738924,106,2697930,7.4,363
1650,1400000,12.06308,138,63463,8.2,628
1652,5000000,1.564774,100,4710749,6.4,29
1653,20000000,9.502332,98,11341016,6.3,42
1655,22000000,13.966833,121,12000000,7.4,157
1656,18000000,4.19356,141,62000000,6.3,138
1657,12500000,9.543004,100,49002684,6,293
1659,20000000,1.057387,93,8178569,5.9,44
1660,4000000,12.410427,136,13275000,8,1732
1661,14000000,5.355452,126,35856053,6.7,111
1662,360000,1.345165,113,36000000,6.3,18
1663,25000000,10.932786,94,15502112,6.2,459
1664,48000000,8.781588,93,90383208,5.8,805
1665,16400000,19.905716,129,235860116,8.3,5295
1666,18000000,11.720358,127,5887457,7.5,1056
1668,700000,9.47666,171,7830611,7.9,136
1669,2000000,8.367858,89,58510,5.2,160
1670,20000000,11.11946,116,24145613,6.7,1003
1671,15000000,12.860385,101,24769466,6.4,632
1672,10000000,7.676017,100,66821036,4.8,788
1673,185000000,123.167259,152,1004558444,8.4,17810
1674,28000000,5.715737,90,77516304,6.8,902
1675,20000000,9.059459,94,7237794,6.3,91
1676,1900000,1.075939,104,2070806,7.1,17
1677,25000000,8.383246,120,24902723,6.2,543
1678,8500000,10.990614,107,770706,6,591
1679,60000,14.838386,81,248000000,6.3,1979
1680,180000,7.523517,89,900000,7.9,197
1681,16000000,3.859495,127,81452156,6,53
1682,11000000,7.715908,81,13276953,6,98
1684,2153912,0.334881,83,4864560,4.8,8
1685,60000000,11.131917,124,159330280,6.2,831
1686,3000000,6.09018,133,9012000,7.3,160
1688,41000000,12.929653,105,91636986,6.5,838
1691,7000000,12.61469,98,60611975,7.8,3563
1692,20000000,0.69162,98,2297493,5.2,10
1693,5000000,5.147819,89,42000000,6.3,102
1694,521873,1.668794,127,1013926,7.2,45
1695,34000000,228.032744,113,224511319,7.4,7325
1698,50000000,10.563152,124,120081841,6.7,1401
1699,20000000,18.006896,105,117760134,6.6,1743
1703,3837625,0.749665,103,3867000,6.5,22
1704,42000000,10.174298,100,89162162,5.9,1736
1707,20000000,4.444724,101,17432163,5.5,134
1708,120000000,5.458387,121,48668907,5.1,401
1709,45000000,9.875573,95,56070433,5.6,265
1710,15000000,7.390012,130,42724017,6.7,396
1711,1000000,6.107378,87,9318,5.4,363
1712,50000000,6.572049,99,8342132,6.6,579
1714,5000000,1.629796,80,2091037,5.9,13
1715,152000000,146.161786,140,369907963,7,4931
1717,120000000,10.246549,102,242688965,5.8,3221
1718,3347850,2.906503,108,1248748,7,194
1719,4437508,3.779077,155,2804874,7.5,127
1721,94000000,5.310558,116,54744738,4.7,298
1722,40000000,9.832342,93,51070807,6.3,1577
1723,120000000,17.246484,100,167977596,4.4,3604
1725,45000000,7.288046,95,124914842,5.4,708
1726,14000000,6.892056,91,39673161,6.1,169
1727,8000000,11.23915,92,10848783,5.7,280
1728,10000000,6.452069,102,3665069,6.5,664
1729,5200000,1.891138,163,13000000,6.6,52
1730,4000000,10.067238,90,1440000,6.3,90
1731,3900000,0.562097,199,4900000,6.1,11
1732,5500000,1.250293,140,47000000,4.6,14
1733,25000000,6.710598,105,34100000,6,600
1734,40000000,13.043999,118,244527583,7.4,5043
1735,63000000,8.863776,127,920100000,7.8,8295
1736,5000000,5.957998,121,23507567,5.9,171
1737,2000000,2.812182,90,120620,6.9,79
1739,38000000,6.456233,98,122417389,6.3,512
1741,15000000,1.158196,111,163169,4.3,43
1742,30000000,9.128905,105,25480490,5.8,406
1743,48000000,7.198455,104,20915465,4.1,447
1744,50000000,17.887943,141,83719388,7.3,2193
1745,6400000,19.293562,108,78371200,7.5,6348
1746,750000,1.500013,98,4000000,5.5,18
1747,9000000,9.202416,84,18663238,7.2,132
1749,5000000,4.206655,119,26144,7.4,263
1750,1000000,2.709403,109,6933459,7.1,75
1751,17820000,9.482248,94,14054361,6.2,520
1752,50000000,12.508518,99,16671505,5.9,528
1755,14000000,0.964715,94,9216,5,4
1757,1300000,0.044561,135,639000,6,2
1759,130000000,14.89499,120,276572938,6.1,3473
1760,290000,0.140491,85,596000,7.6,5
1761,190000000,27.275687,137,1506249360,7.3,6178
1762,2600000,13.233262,93,119500000,7.3,887
1763,250000,8.168456,68,2500000,8.2,760
1764,3000000,8.851646,161,27200000,7.9,851
1768,16000000,7.108555,87,76514050,5,653
1771,13400000,1.223071,100,16700000,4.9,9
1772,65000000,17.015539,104,262797249,7.1,5524
1774,35000000,7.79014,122,74558115,6.6,1334
1775,5000000,14.970485,97,9114264,6.9,884
1776,1070000,0.170074,95,570000,5.1,5
1777,3000000,2.850011,89,13308,6.5,60
1778,35000000,6.966505,110,17508518,5.5,749
1779,14600000,12.989627,101,70906973,7.5,3744
1780,5000000,12.158424,110,110000000,7.5,1706
1781,18000000,6.971611,80,5602431,7.4,259
1782,6000000,11.186981,105,1305195,5.8,547
1783,97000000,54.581997,137,616801808,7.8,11528
1784,11000000,10.3919,118,10032765,7.6,1674
1788,11000000,23.37742,117,104931801,8,7054
1789,2500000,11.591462,119,11403529,7.5,1712
1790,5000000,5.830675,99,19905359,6.3,136
1791,2159280,8.651053,80,15298355,7.3,420
1792,7000000,5.552946,112,8349430,7.3,193
1794,10831173,4.480723,106,10654385,6.8,250
1795,13360000,8.717661,118,2000000,6.8,1035
1796,55000000,13.776068,134,95000000,7.6,3678
1797,20000000,9.188583,113,208588,5.9,726
1798,5000000,6.370495,113,34725000,6.2,242
1801,3500000,0.556435,90,9247881,3.7,18
1802,30000000,10.596719,107,42886719,6.7,628
1803,2500,0.404753,78,15425,6.1,10
1804,3800000,8.070589,126,4307000,8.1,452
1806,14000000,5.113573,149,46495,6.1,127
1807,4000000,7.274237,115,10785801,7.5,1464
1809,135000000,11.72545,134,163794509,5.9,780
1811,200000000,20.818907,109,435000000,6,3303
1814,2700000,0.677253,117,4635143,4.3,3
1815,48000000,8.338222,147,207515725,7,926
1817,2000000,1.188935,89,33700,6.4,15
1818,120000000,14.072511,142,649398328,6.5,6720
1820,500000,2.317528,88,220151,6.7,47
1822,4000000,5.681582,111,2826523,6.9,198
1823,1500000,8.708789,86,173066,5.9,152
1824,19000000,2.824367,188,4750000,6.4,51
1826,6000000,4.619068,105,24078196,6.1,304
1828,50000000,9.645801,120,56714147,6.1,469
1830,70000000,8.919469,116,309457509,5.9,875
1831,6500000,0.877477,102,9816332,3,8
1832,1250000,12.74564,129,36144000,7.2,472
1835,3000000,8.733192,97,7282851,6.3,135
1836,60000000,7.094624,101,73174566,5.9,579
1837,30000000,11.552956,109,35294470,6.1,468
1838,200000000,13.67812,106,586090727,6.2,4225
1840,130000000,12.204174,105,117831631,5.4,1953
1841,15000000,9.747452,89,6405245,5,147
1844,9000000,1.494688,97,1046166,4.7,18
1845,1500000,6.939994,97,14697005,6.4,423
1846,4000000,3.92107,103,530048,6.7,91
1848,17000000,12.494394,170,72070731,7.7,572
1849,3230939,1.937874,162,18000000,6.5,25
1851,14000000,12.243528,97,38574362,4.6,191
1854,9000000,9.51953,104,18803648,7.2,1976
1855,16000000,6.493474,91,24377151,7.2,1474
1856,170000000,21.259,125,400062763,6.4,4153
1858,1549000,4.331811,107,7096000,6.5,62
1859,12000000,8.960713,93,32726956,6.8,131
1860,6500000,2.12989,104,566736,5.9,42
1861,170000000,18.717704,136,714766572,7.6,9894
1862,50000000,9.35239,101,66002004,5.2,1063
1863,3700000,13.505066,98,3338228,6.4,181
1865,19000000,14.9837,96,85241496,7.1,4298
1866,125000000,33.704935,110,407778013,5.5,4116
1868,108000000,25.62993,141,630161890,7.7,11413
1869,10000000,7.873018,137,100489151,6.4,140
1870,8000000,2.404818,115,10400000,5.7,23
1871,37000000,16.414239,108,215394738,6.4,1936
1872,17000000,6.815147,171,10006806,7.3,167
1875,80000000,13.666488,90,68514844,5.8,563
1876,5000000,3.007842,98,742898,6.3,85
1877,19800000,11.313659,103,41296320,6.6,671
1878,8000000,3.851653,112,53086,5.4,57
1879,40000000,16.478036,138,251171807,6.8,4222
1880,210000000,0.867943,104,459359555,6.4,5484
1883,30000000,7.857666,115,17137302,6.5,566
1884,12000000,5.799628,119,23,5.1,151
1886,15000000,11.440948,100,133432856,7.4,1680
1887,7000000,4.955317,103,573335,7.3,338
1888,2300000,2.01799,107,11000000,6.6,28
1889,20000000,11.069679,133,13204291,6.4,80
1891,5000000,0.889745,110,125400,7.5,2
1892,15000000,9.288013,99,40105542,4.8,503
1893,12000,5.738871,93,6000000,6.3,182
1895,700000,8.407369,94,3000000,7.1,204
1896,35000000,8.33756,123,69823199,6.6,2163
1897,7000000,7.523098,93,54600000,7.1,418
1900,105000000,13.99377,109,266000000,5.2,1504
1902,80000000,11.35779,110,230685453,6.1,1715
1903,3000000,0.702712,99,4800080,6,18
1907,48000000,6.74468,101,112462508,5.3,968
1908,30000000,12.840798,131,152427960,6.2,788
1910,180000000,11.481379,113,372234864,5.9,2396
1913,6500000,4.136105,96,1548955,6.9,72
1914,56000000,5.374563,214,12923936,5.9,71
1916,12000000,16.415498,154,39673162,7.3,2771
1920,12000000,9.363482,106,32248241,6.5,1373
1921,5000000,8.898523,84,86362372,5.3,702
1922,31115000,8.591238,248,71000000,6.9,247
1924,65000000,9.170332,145,415252786,6.3,922
1926,28000000,9.765123,127,195312802,6.5,766
1927,26400000,4.330396,155,62000000,6.4,79
1928,25000000,11.872997,93,117719158,5.9,1762
1929,28000000,8.808328,137,1749201,5.9,319
1930,65000000,13.268484,159,162091208,7.3,2435
1933,175000000,9.156877,96,173000000,5.4,2157
1934,83000000,6.053595,90,59468275,4.5,294
1935,40000000,10.395472,117,123494610,6.7,1606
1936,28000000,13.162168,123,14051384,5.3,270
1937,10000000,5.402262,105,25196249,5.8,158
1938,20000000,12.392754,115,20211394,6.5,457
1939,1500000,6.241185,101,22812411,5.5,172
1940,30000000,5.188399,106,24048000,5.5,237
1942,1000000,2.392367,78,10018,5.6,29
1943,40000000,7.15606,98,26155781,5.6,437
1945,1500000,4.173231,111,712294,6.4,71
1947,25000000,1.862215,117,20719451,7,42
1949,5000000,8.966129,92,6700000,5.4,90
1950,35000000,10.08043,100,85416905,5.2,949
1953,6500000,9.3806,105,31899000,6.8,276
1955,40000000,12.330249,138,243240178,7.3,1491
1956,855000,1.121417,96,1200000,7,37
1957,42000000,14.007329,104,119946358,5.5,1286
1958,4000000,0.737602,90,389503,6.1,4
1959,500000,1.946823,87,500000,3.7,23
1960,24000000,9.526781,126,88545092,7,495
1963,28000000,8.318954,114,103173635,6.5,401
1965,9000000,15.236541,111,7936012,7.1,206
1967,58000000,9.508061,127,25928721,6.6,143
1968,85000000,8.338675,115,208076205,6.4,1889
1970,8500000,6.911759,90,7500000,5.4,620
1971,9000000,0.941383,100,10364904,5.3,23
1972,120000000,3.918287,126,415440673,6.3,5829
1973,5952000,7.945039,87,2120439,7.3,824
1974,2300000,4.806374,100,20000000,7.4,101
1975,2000000,0.74156,207,393816,6.6,15
1976,80000000,10.385757,114,52099090,6.4,888
1977,10000000,1.192891,85,9069,6.9,11
1978,40000000,9.800232,117,30199105,5.7,215
1979,11715578,6.004257,108,21888598,7.6,1813
1980,10000000,5.872794,83,4417580,6.1,301
1982,54000000,10.301621,127,190458706,6.6,1024
1984,70000000,9.756289,104,225990978,6.5,3225
1985,1379375,2.214179,108,105097,7.8,43
1986,40000000,11.690781,140,357852395,6.3,2901
1988,10000000,5.611184,104,21486757,5.8,104
1989,1900000,2.004745,123,5900000,7.1,30
1990,5000000,6.199806,88,17768757,5.9,415
1991,37000000,3.742824,118,6482195,5.9,87
1992,4000000,0.372987,160,6000000,6.9,11
1994,67000000,11.845918,101,47267001,6.2,380
1995,65000000,13.257467,120,235666219,6.8,3720
1996,50000000,18.022579,144,69411370,7,1471
1997,19000000,4.347079,105,44332015,5.2,182
1998,60000000,13.469862,100,119940815,5.8,649
1999,27000000,12.851984,100,27200316,7.4,1268
2002,10000000,10.414363,90,59217789,6.3,1267
2003,35000000,13.495247,93,19165560,4.6,249
2004,80000000,5.228837,99,15071514,5.8,635
2005,4000000,2.148655,90,18591272,6.4,45
2007,1114000,2.886254,99,2610000,7.2,41
2009,5000000,0.191539,113,340312,5.1,7
2010,5000000,0.011574,83,8153677,5.9,16
2011,30000000,12.308007,107,70200000,5.7,543
2012,45000000,10.869056,83,141220678,5.6,2061
2014,100000000,16.382422,180,392000694,7.9,11404
2015,40000000,6.715263,110,136000000,5.7,1494
2016,25000000,51.645403,142,28341469,8.6,12215
2017,15000000,7.06378,106,8138788,6.2,359
2018,170000000,53.291601,121,773328629,7.9,16508
2019,35000000,7.102076,91,69307224,5.5,467
2022,42000000,10.528173,102,46221189,6.3,1385
2024,20000000,10.044642,96,34560577,5.9,1331
2025,3196621,6.704659,116,25513752,6.8,938
2026,1000000,7.314536,95,10499694,5.6,132
2027,440141,0.815203,160,2640850,6.7,7
2028,18000000,8.868558,129,23000000,7.9,1682
2029,13000000,14.310479,84,35763605,5.9,619
2030,1200000,8.699428,100,112892319,7.5,1286
2031,2000000,0.632261,106,4000000,6.6,9
2034,32000000,5.575992,123,152036382,6.3,514
2035,207000000,19.761164,187,550000000,6.7,3973
2036,52000000,18.761467,140,355237933,7.4,2621
2037,120000,0.485424,130,130000,6.2,18
2038,15000000,11.672701,126,43848069,7.1,896
2039,25000000,4.439325,102,10113733,6.2,88
2042,60000000,0.452934,97,300228084,5.9,1992
2043,8000000,12.357072,97,29010817,5.5,198
2044,130000000,19.201504,107,371940071,6.8,3064
2045,75000000,11.34706,138,114660784,6.9,801
2046,2627000,0.662665,120,5363000,7.1,11
2047,8000000,6.167646,104,10130000,5.9,252
2049,53000000,11.911173,94,139804348,7.6,2859
2050,4000000,11.457298,93,22490039,7.5,786
2052,40000000,5.361771,111,385284817,5.7,124
2054,134000,5.110716,73,4000000,7.1,168
2055,18000000,8.435642,126,57096190,6.8,2337
2056,40000000,11.100597,119,285176741,6.4,2325
2058,105000000,10.640864,105,347434178,5.7,1115
2059,28000000,10.850442,128,8555008,5.9,513
2060,35000000,7.85217,101,32483410,6,372
2061,40000000,9.738371,116,161834276,5.8,1315
2062,75000000,20.40426,108,288500217,7.3,4105
2064,25000000,6.636514,100,129115,6.5,166
2065,44000000,14.526049,112,12342632,6.2,3376
2066,2000000,5.958138,154,20908467,7.7,920
2067,40000000,8.695893,87,46471023,7.7,2101
2068,2000000,2.894009,87,4100000,6.3,49
2069,7500000,6.11959,97,143000,4.1,53
2071,25000000,10.653446,98,15704614,5.9,171
2073,50000000,6.506572,121,49111202,5.7,492
2074,1000000,0.594488,112,404785,6.9,11
2075,2900000,7.202832,86,74918,5.7,236
2078,17000000,7.290872,113,17185632,7.2,583
2080,29000000,8.843365,102,98185582,6.2,991
2081,11000000,5.304376,107,49797148,6.7,309
2082,2000000,2.186683,96,2506446,4.8,38
2084,6000000,5.648114,97,5844868,7,315
2086,15000000,9.117934,121,12036149,7.1,272
2087,5000000,8.698043,104,44030246,6.4,1652
2088,1243000,3.803268,106,2841000,6.3,63
2089,50000000,12.280827,101,79958599,5.3,177
2090,10000000,1.145806,98,18,4.1,22
2091,40000000,5.446745,91,22044277,6.1,613
2093,67000000,8.920545,102,25303038,5.4,366
2097,140000000,47.326665,143,655011224,7.7,11546
2098,120000,5.648187,97,182857,7.6,184
2099,550000,12.146747,95,59754601,6.3,1155
2100,13500000,8.995603,124,19255873,7.8,1322
2101,134005,2.003832,104,1332231,5.9,37
2102,9900000,25.869883,88,157100845,6.8,3401
2103,15000000,11.247957,86,107217396,6.5,2865
2105,8000000,5.284805,91,426224,6.5,204
2106,531374,7.970462,96,1103757,7.7,382
2107,8000000,4.518646,99,908847,6.4,111
2108,50000000,16.15818,110,161451538,5.6,1142
2109,5000000,8.591834,121,502758,7.9,67
2110,3000000,1.036233,157,12000000,7.6,21
2111,135000000,12.130127,128,361832400,6.2,1357
2113,9000000,6.842274,119,25000000,6.7,380
2114,15000000,6.777326,97,37930465,6,1054
2115,100000000,6.919314,115,242295562,5.8,816
2116,31000000,6.49968,117,185260553,7,492
2118,21000000,14.074906,117,10011050,6.3,93
2120,12000000,11.110376,197,60000000,7.5,843
2121,70000000,10.978188,120,161025640,6.2,3923
2123,10000000,6.589304,105,45742101,6.9,553
2124,33000000,12.237571,98,77068246,6,1457
2125,160000000,11.268531,121,164508066,4.3,726
2126,200000000,185.330992,137,863416141,7.7,11217
2127,60000000,8.142251,87,93375151,5.2,734
2128,7000000,11.370288,164,8373585,7.2,364
2130,20000000,14.27281,86,78378744,4.7,1382
2131,27000000,10.956665,101,129000000,6.6,1093
2132,24000000,13.765241,89,99965753,5.9,1533
2133,42000000,5.510805,100,11087569,6.2,188
2134,160000000,12.643312,132,300257475,6.1,2824
2135,380000000,27.88772,136,1045713802,6.4,8040
2137,25000000,6.036408,113,1037335,6.3,159
2138,1700000,12.843375,88,9700000,6.2,347
2139,60000000,8.581558,113,105200903,6.3,2419
2141,30000000,19.511221,121,84025816,7.3,4190
2142,2000000,10.650752,128,4905000,7.5,749
2143,5000000,5.874458,88,15179302,4.5,283
2145,8000000,9.631158,90,22433275,6.2,141
2147,3200000,11.504558,136,33395426,7.7,1600
2149,40000000,7.622875,99,138259062,5.6,721
2151,27000000,7.436001,80,13670688,6.4,335
2152,10000000,4.468247,84,20342161,5.7,113
2154,3000000,0.878255,99,9713500,3.4,13
2155,14000000,9.071127,100,19800000,4.7,201
2156,68000000,7.694847,136,75715436,5.3,853
2157,8000000,15.206957,89,52287414,7.9,2621
2158,50000000,6.936677,119,34808403,7.2,1247
2159,3500159,6.262677,112,76578641,6.2,1019
2161,11000000,11.333125,106,153083102,7,3014
2163,600000,6.854576,95,185898,3.8,171
2164,60000000,12.975936,124,101134059,6.5,2549
2165,14000000,14.443362,108,10076790,6.4,714
2166,50000000,15.874491,107,60209334,5.5,425
2167,103000000,25.085639,100,362000072,6.1,4779
2169,658000,9.072006,90,23800000,7.1,113
2170,4000000,11.223033,118,15656193,6.9,2557
2171,2500000,0.46335,100,71904,6.6,11
2172,24000000,12.596956,119,133000000,7.2,684
2175,22000000,7.106954,106,17336370,5.1,300
2176,5300000,5.94395,122,3897799,7.2,462
2177,12000000,6.631356,93,61141030,4.9,274
2178,20000000,6.372278,124,60427839,7.3,1487
2179,72000000,9.807552,131,27642707,7,462
2180,25000000,12.602438,138,156822020,7.7,2739
2182,70000000,14.116474,125,32287044,6.2,381
2184,13000000,10.098539,107,18000000,5.5,369
2185,47000000,11.618792,154,7191399,6.2,327
2186,74050,2.789574,98,176153,5.7,67
2187,10000000,7.807741,89,3193102,6.7,165
2188,5000000,3.621052,116,1980338,6.3,81
2189,4500000,0.313032,142,3200000,3.8,7
2190,1688000,5.076649,133,2270000,7.1,42
2191,44000000,6.273131,99,48190704,6.9,1258
2192,36000000,8.970494,105,156844753,6.7,633
2193,10000000,8.278525,101,1461989,6.9,150
2194,27000000,11.953822,98,93282604,6.4,1745
2197,5800000,4.412564,133,6800000,7.6,95
2198,3500000,0.524653,95,179000,1.4,10
2199,20000000,6.916201,105,33889159,6.6,1387
2200,80000000,15.001681,126,280000000,6.8,2942
2201,7000000,5.799861,95,6147,6.1,94
2202,70000000,12.687521,87,182379278,6.6,1234
2204,40000000,10.829432,109,28169671,5.6,531
2205,6500000,9.785147,112,98410061,7.3,1778
2206,20000000,2.651408,114,18253415,6.6,97
2207,65000000,12.954444,113,261317921,7.2,2691
2209,300000000,31.363664,169,961000000,7.1,7788
2211,2200000,6.127903,99,136400000,6.6,227
2212,20000000,8.772263,95,32204030,5.8,963
2213,8272296,10.000915,101,67872296,7.6,640
2214,15000000,7.050403,116,10903846,6.8,375
2215,38000000,7.824962,114,105610124,6.8,1612
2216,8000000,10.428421,90,5659286,7,854
2217,40000000,9.389354,109,196781193,6.3,2139
2218,8700000,11.643026,100,7659918,6.8,838
2219,3000000,6.070216,123,2357852,7,410
2220,7000000,5.633243,110,8220215,7.4,272
2221,5000000,3.334353,110,4040588,6.4,88
2222,15000000,7.729445,183,50000000,8,1612
2223,10000000,7.064982,95,103166989,6,821
2225,2000000,6.857318,118,7800000,7.3,74
2226,200000,0.917777,105,8000000,6,12
2227,85000000,1.498902,107,363164265,6.5,3617
2228,12000000,11.283472,123,56298474,7.5,878
2230,2160000,0.230534,119,9132000,7.7,10
2231,15000000,13.389735,98,3533227,5.9,418
2232,21000000,3.030309,115,23450000,6.4,85
2233,30000000,14.313079,107,55583804,5.3,756
2234,9000000,1.818296,130,771499,4.9,21
2235,12000000,16.243093,120,1400000,7.3,190
2237,1000000,0.04586,124,2691899,6.9,5
2238,23000000,1.914881,104,5820015,6.5,49
2239,19500000,5.326716,172,91000000,5.9,127
2240,2000000,12.805294,108,572809,6.4,903
2241,12000000,13.300519,131,41744718,5.6,287
2242,40000000,9.649303,157,132820716,6.9,2417
2243,19000000,9.801967,113,110879513,6.7,236
2244,15000000,9.020372,124,85306374,7.3,1931
2245,25000000,13.083718,108,30411183,6.4,1395
2247,20000000,7.120403,105,31327899,6.3,1741
2248,33000000,7.781293,100,102984862,6.5,3198
2249,15000000,8.735448,126,30226144,7.2,249
2252,19000000,13.088552,90,108047131,6.1,1070
2254,11000000,7.250134,106,53191886,6.7,1264
2257,7000000,6.01272,114,49084830,7,642
2258,90000000,8.184815,96,113493481,5.5,1063
2260,3800000,2.894924,84,111731,5.9,26
2262,56000000,12.136158,109,19701164,5.9,783
2264,15000000,5.952494,107,216614388,5.8,935
2265,500000,0.370114,157,500000,6,2
2266,70000000,9.963079,127,374111707,6.3,1847
2268,20000000,5.970067,128,73276047,7.3,660
2269,30000000,10.25103,108,287553595,6.1,2433
2270,500000,8.212399,110,3000000,7.2,716
2271,4500000,5.69684,117,3764219,7.2,123
2272,1700000,6.115299,77,1007962,5.3,131
2273,8000000,6.230854,124,21706101,7.1,275
2274,60000000,15.037993,99,205754447,5.9,2457
2275,10000000,11.119593,111,21786738,6.3,328
2277,8000000,7.321152,66,292279,7.8,530
2278,100000000,8.903754,95,7103973,4.3,215
2279,10000000,6.063809,100,31609243,6.5,30
2280,17000000,5.498819,98,3696232,5.8,320
2282,6000000,11.461437,90,40940662,6.4,353
2284,22000000,9.409701,115,68000000,6.6,465
2286,75000000,7.762917,104,152930623,5.9,1497
2287,18000000,1.377993,151,1500000,5.3,24
2288,12823507,2.981184,110,6101904,6.5,39
2289,23000000,3.612089,76,71368,4.7,62
2290,24000000,16.195894,91,87055349,6.6,831
2291,16000000,2.890462,97,1686429,4.1,87
2293,18000000,88.439243,110,20497844,5.5,2511
2295,400000,0.038876,80,5255,4.7,3
2296,90000000,8.684892,114,188133322,7.1,4617
2297,85000000,8.326699,88,297138014,6.4,1601
2299,60000000,13.155901,103,264118201,8,8610
2300,2380000,2.514638,101,8176544,7.5,575
2303,12000000,15.698433,151,53267000,8,779
2304,48000000,10.639244,143,390493908,6.8,1549
2305,35000000,6.90658,87,51680201,5.6,941
2307,7000000,3.132019,100,1246141,5.1,39
2308,1227401,8.319631,100,1277401,6.2,23
2309,2200000,17.112594,136,26589000,8.2,6122
2310,12156348,5.662109,98,7900000,6.6,404
2311,30000000,10.901355,99,63833449,5.9,324
2313,13000000,7.421245,105,114956699,6.4,855
2315,5500000,6.149295,120,5483299,6.5,421
2316,24000000,11.666172,91,43455230,6.4,222
2317,24000000,11.184385,137,41895491,7.3,571
2318,24000000,8.407519,146,33208099,7,95
2319,1500000,7.081404,104,3566225,5.5,495
2320,20000000,2.582818,105,21170563,6.6,55
2321,1805000,12.90707,98,4905000,6.4,39
2322,195000000,4.503505,154,1123746996,6.1,4682
2324,75000000,6.303466,110,132274484,5.7,1485
2325,79000000,9.645543,154,173013509,6.9,858
2326,58000000,187.860492,108,783112979,7.5,18931
2327,15000000,10.627364,92,73326666,7.3,2729
2328,45000000,8.279285,101,30353232,5.1,407
2329,6200000,1.077252,113,4820000,7.2,26
2331,6400000,12.203066,99,35057696,6.7,688
2333,9500000,10.359669,117,111584787,6.6,846
2334,10000000,8.406056,100,22896728,5,74
2338,63000000,63.869599,139,100853753,8.4,15256
2339,3000000,2.395067,91,7100000,6.7,41
2340,30000000,12.09096,110,29359216,6.8,645
2341,14000000,6.081401,99,72527595,5.7,503
2342,500000,1.640271,90,5330000,4.9,45
2343,350000,1.553107,96,2400000,7.1,44
2344,60000000,5.460942,140,17800000,6.4,399
2346,10000000,10.770928,178,50100000,7.5,384
2347,25000000,16.816834,127,230698791,8,4369
2349,8000000,12.137595,122,441306145,7.6,3578
2350,23000000,7.06088,93,38505009,6.3,701
2351,28000000,15.802306,118,333000000,7.2,4529
2352,7000000,6.657792,123,79666653,5.6,116
2353,8376800,12.237488,213,13000000,7.7,117
2354,12000000,3.223039,97,31179516,4.5,55
2355,20000000,18.157166,119,23875127,8.3,5391
2356,65000000,9.782014,100,17218080,5.6,414
2357,225000000,18.538834,143,662845518,6.5,9263
2361,15000000,6.557426,92,12000000,5.9,147
2363,45000000,6.287245,113,58620973,6.1,556
2364,50000000,9.092925,89,160602194,5.9,1124
2369,70000000,7.739633,134,154937680,6.7,473
2370,150000000,7.739904,99,301000000,5.6,2294
2372,40000000,8.142089,123,129540499,6.6,1034
2373,12000000,11.213913,123,87100449,7.9,3578
2374,2500000,12.525758,89,52604,5.5,151
2375,60000000,7.667874,101,95673607,5.2,854
2376,2300000,1.970054,155,11100000,6.9,69
2377,25000000,7.857078,119,92991835,6.7,779
2378,13000000,1.296862,91,9789900,5.2,5
2380,4000000,10.936827,104,9304609,6.8,613
2382,8000000,5.000657,129,18124262,7.1,141
2387,90000000,12.980624,94,886686817,6.6,4217
2388,30000000,6.793972,109,95714875,7.3,1066
2390,7500000,0.494047,155,10000000,4.9,21
2391,5500000,10.517835,130,141195658,6.7,919
2392,5000000,4.281103,129,7338987,7.8,123
2394,35000000,9.576745,88,147934180,5.7,1644
2396,60000000,15.904834,133,204594016,6,1121
2397,80000000,8.772188,117,309492681,6.6,779
2398,18000000,6.108646,111,20275812,6.9,498
2401,60000000,6.710215,109,37000000,4.9,641
2402,60000000,10.776138,101,170268750,5.7,1108
2403,47000000,5.507082,125,15691192,5.5,199
2404,37000000,13.081203,125,154026136,7.1,2237
2405,2500000,5.46567,102,3003,4.5,131
2406,4000000,14.171675,111,65046687,7.4,3567
2408,16000000,5.857368,91,4409328,5.7,16
2409,32000000,7.177649,129,48814909,7.2,902
2410,20000000,6.312206,90,18599102,6.1,294
2411,60000000,11.970205,123,223664608,7.3,2593
2412,65000000,5.627787,93,44806783,5.4,818
2413,3400000,0.40319,112,660537,6.6,8
2416,2500000,11.898793,99,6341684,5,1387
2417,3000000,12.416635,100,4000000,7.4,1495
2418,35000000,13.492845,108,113374103,5.7,663
2419,55000000,6.709803,134,141047179,6.1,208
2420,4000000,7.959965,103,4100000,3.8,202
2423,500000,0.493342,157,500000,6.6,4
2424,60000000,7.493615,105,73648228,5.8,1053
2429,15000000,5.951492,90,19158074,6.5,221
2430,17000000,2.972529,154,10000000,6.8,56
2431,40000000,14.767317,134,320170008,7.2,3764
2436,4300000,3.699552,149,3376375,6.9,96
2437,120000000,18.911961,130,325756637,6.3,1007
2438,6400000,9.57874,107,40084041,7.6,397
2439,50000000,5.852263,110,26199517,6.2,337
2440,27000000,11.15092,110,56308881,7.5,2083
2441,3000000,4.947043,95,14418922,6.3,139
2442,50000000,8.176147,98,106303988,5.5,811
2443,68000000,34.047399,124,698491347,6,4551
2445,16000000,15.133316,91,32155047,6,126
2446,4500000,4.31583,116,10400000,6.9,142
2447,7500000,11.791591,96,231411584,7,3851
2448,60000000,12.149946,120,56359980,5.7,308
2449,35000000,13.349518,106,36779296,5.7,202
2450,1821052,11.046411,111,1300000,8,214
2452,37000000,6.695229,113,95404397,6.8,293
2453,15000000,7.665431,89,1914166,5.2,96
2454,58000000,0.393865,119,44000000,6.2,2474
2455,50000000,19.638605,106,549368315,6.3,7267
2456,14000000,2.308846,104,6856989,5.3,42
2459,100000000,11.913405,102,268426634,6.4,1582
2460,25000000,11.556484,129,82466670,7.1,662
2461,1900000,0.653271,102,240093,7.3,20
2462,18000000,12.682927,112,6212282,6.3,1046
2464,22000000,11.654349,181,424208848,7.8,1813
2465,19000000,8.132811,97,6928068,6.1,311
2466,37000000,8.451297,105,26250020,5.3,1122
2467,18000000,7.471655,103,41382841,6.1,230
2468,25000000,6.497591,115,14048372,6.2,293
2469,85000000,10.175503,108,78382433,5.6,635
2470,2500000,3.084426,110,15014674,4.9,37
2471,28000000,7.058599,98,14010832,5,454
2472,175000000,12.319595,93,331926147,6.7,2888
2473,500000,8.398158,93,150277,6.4,248
2475,132000000,22.201607,92,373552094,6.4,2131
2476,30000000,8.205448,90,212385533,6.2,1988
2478,24000000,6.253084,93,68729358,6,1196
2479,70000000,9.353499,115,56702901,6.2,173
2480,6400000,7.950488,144,18800000,6.3,58
2481,30000000,9.591425,133,51148651,7,1367
2482,43000000,13.802674,97,56681566,4.8,1079
2485,125000000,14.924487,139,362637473,5.6,3733
2486,120000000,7.134168,135,93945766,5.7,609
2487,1202007,6.360746,103,2948386,7.8,110
2488,23600000,11.063029,88,102391382,7.2,5869
2489,22000000,28.176992,91,40120144,5.6,176
2490,6400000,7.506958,86,6,5.2,63
2491,135000,0.588872,94,10474,6.1,4
2492,1200000,1.472463,114,2861020,6.3,32
2493,500000,5.85469,88,8679814,7.5,289
2495,2500000,6.357321,128,3200000,7.8,433
2497,35000000,12.201954,127,41954997,7.5,1950
2499,30000000,12.199047,133,160638883,7.4,1029
2500,25000000,5.282976,107,19829957,5.4,231
2502,3500000,14.56965,91,28215918,7.1,776
2506,12500000,6.82647,101,75993061,6.7,1340
2507,2000000,7.659357,120,5967038,6.5,302
2508,4317946,12.452985,106,14624826,7.4,105
2509,8000000,6.712894,98,3453043,6.4,341
2510,1800000,0.474578,93,532269,5.5,9
2512,25000000,13.018491,89,50671850,5.6,655
2513,18000000,7.536295,108,12000000,7.3,422
2514,55000000,17.618057,132,192330738,7.2,4638
2515,6600000,8.151346,124,1851517,6.7,408
2516,32745300,17.958512,117,12173470,6.9,178
2517,97250400,9.671944,116,132900000,5.2,911
2518,90000000,13.116461,113,201596308,5.5,1785
2519,950000,0.820911,76,1500000,6.9,29
2520,23000000,5.810716,134,90614445,5.9,316
2521,31000000,5.443097,122,74134790,6.2,230
2522,3600000,13.520764,84,5923044,7.6,1239
2523,6000000,3.554491,96,3661757,5.8,80
2525,47000000,10.642824,99,30002758,6,586
2526,10000000,6.435926,91,33697647,7.2,504
2527,4000000,6.430591,164,44349000,7.5,2910
2528,6000000,3.189566,131,7500000,7,90
2529,25000000,3.240624,128,3052000,7.4,54
2530,70000000,13.842333,110,86658558,6.6,742
2531,15000000,6.259433,133,11300653,5.2,68
2532,250000000,23.253089,169,1021103568,7.2,11498
2533,8000000,0.860734,124,2019009,6.6,19
2534,75000000,6.353996,89,54249294,5.6,175
2535,80000000,10.364794,140,214104620,6.6,2149
2537,21500000,31.314013,98,4811525,5.7,310
2538,6900000,4.0315,162,15000000,5.8,25
2540,103000,5.194433,104,3623330,7.1,131
2541,35000000,11.418802,134,88058786,5.7,1220
2542,3500000,5.899155,106,34705850,6.6,805
2544,50000000,14.327717,98,42792561,6.5,469
2545,45000000,14.547939,133,50548152,6.9,1220
2546,18000000,6.197298,105,87000000,6.6,619
2547,150000000,11.379355,101,585349010,7.1,8314
2551,30000000,6.418936,106,23619609,5.6,348
2552,80000000,11.054251,88,250200000,6.7,2518
2553,13000000,1.386549,89,3721911,5.1,11
2557,4500000,12.449574,108,7011317,7,320
2558,30000000,18.502877,79,48428063,6.7,1858
2559,4200000,7.42908,132,38862717,6.2,252
2561,25000000,6.753969,95,17000000,7,896
2562,200000000,14.477677,97,1028570889,7,7349
2563,7400000,2.37252,193,17000000,5.8,75
2564,35000000,7.219935,96,18317151,6.5,294
2565,25000000,13.06943,136,21567853,6.7,265
2566,6000000,5.598338,99,2899975,6.4,152
2567,11000000,1.812728,128,41000000,7,49
2569,12000000,11.516965,102,7242035,6,21
2570,165000000,14.27536,100,305875730,6.6,2963
2572,37000000,4.209701,127,278300000,5.9,90
2573,1200000,6.486126,96,8690429,7,487
2574,2200000,6.632663,118,3251794,7.2,366
2575,250000,4.297654,62,1000000,8,115
2576,1500000,2.627643,90,187716,7.7,50
2578,1500000,7.248676,80,2200000,8,995
2579,20000000,9.704289,89,67192859,4.8,317
2580,2000000,6.640704,95,45431,5.8,338
2581,15000000,13.310556,108,32556119,6.1,824
2584,3000000,8.480501,107,47000000,5.7,109
2587,30000000,5.025475,125,41480851,6.7,343
2588,1350000,4.60786,105,3897569,8,2750
2589,35000000,6.71898,105,68915888,5.7,414
2591,35000000,8.355977,112,40263020,6.4,381
2593,25000000,3.372523,93,2438031,4,82
2595,12000000,6.498789,102,75781642,6.1,195
2596,850000,1.094395,109,840000,5.5,17
2597,13000000,8.736869,106,16757163,5.7,215
2599,90000000,12.978751,132,250649836,6.8,1840
2603,70000000,15.57784,109,162000000,6,2205
2604,20000000,2.321394,91,14166853,4.9,24
2606,80000000,7.634017,103,176885658,6.4,795
2607,5000000,2.06528,84,25900,4.3,26
2608,13500000,5.387711,124,7060876,6.9,222
2609,475000,9.00314,110,3919254,6.8,541
2610,5000,3.447894,139,11083449,7.3,32
2612,30000000,14.443599,113,130786397,6.6,1906
2613,28000000,4.512767,119,8888143,6.2,103
2614,49000000,9.769047,87,72700000,5.9,672
2616,14000000,6.573364,88,57915972,6.1,223
2617,30000000,13.194168,127,611899420,7,1559
2618,13000000,12.989056,108,327803731,7.5,7809
2619,8500000,10.222143,92,19985196,7,173
2620,25000000,4.257516,93,100000000,4.8,210
2621,15000000,5.984133,101,28733290,6.5,302
2623,197471676,15.262706,137,90024292,6.6,3839
2624,5000000,36.894806,104,252434250,7.5,7770
2626,60000000,11.953553,105,55987321,5,967
2627,1000000,10.07817,82,62882090,5.4,1878
2628,852510,9.990406,113,1185783,7.6,260
2630,700000,7.948581,103,17986781,7.2,919
2631,102000000,13.494246,172,130482868,6.8,4295
2632,80000000,8.534176,106,33463969,5.5,430
2633,13000000,8.502529,94,37664855,4.4,437
2635,10000000,1.942945,98,22424195,5.5,21
2636,26000000,13.795875,100,67918658,5.3,1064
2638,50000000,10.901496,112,188441614,6.9,4869
2639,70000000,7.513067,111,67112664,5.3,427
2642,75000000,6.540621,100,98159963,5.8,1234
2643,37000000,7.558125,96,100076342,5.8,589
2644,105000000,14.412644,129,121214377,6.8,2321
2647,145000000,14.25843,133,694713380,6.9,5780
2648,65000000,12.366641,103,156974557,6,2003
2649,1455000,6.229674,113,2620000,5.2,17
2650,7000000,9.218164,97,8900000,7.2,201
2652,2000000,9.241748,125,11000000,8.4,1345
2653,6500000,6.476534,108,54215416,6.8,210
2656,42000000,10.027434,113,180274123,7.2,3350
2657,13000000,3.960622,94,27500000,5.8,111
2659,10000000,6.830599,108,25754284,6.5,111
2660,4000000,7.914795,132,30471420,6.4,316
2661,20000000,7.359522,97,100525432,5.2,690
2662,500000,0.071908,157,500000,7,2
2663,38000000,17.02038,94,107597242,5,843
2664,40000000,10.479723,122,55707411,7.2,804
2666,32000000,11.204539,139,54674226,6.6,1622
2667,41300000,12.061521,98,106371651,6.4,854
2668,4900000,11.494907,81,148868835,6.3,2095
2669,55000000,13.280069,81,346079773,6.9,2876
2672,30000000,7.694502,135,30536013,6.5,527
2674,12250000,6.561373,103,2295423,6.2,411
2675,5000000,11.298195,139,1862805,7,213
2679,25000000,13.121626,140,23057115,7.8,2048
2680,463455,0.445526,84,966878,7.5,14
2681,5000000,3.595599,95,1702394,4.9,81
2682,3000000,3.044499,115,4000000,7.7,117
2683,11500000,8.365761,103,57469467,6.5,738
2685,8000000,6.823445,100,17092453,5.3,168
2687,2000000,8.066663,104,390659,6.6,162
2688,4500000,8.434884,150,2627209,7.7,1117
2689,85000000,11.218378,113,71485043,7,1043
2690,32000000,7.000421,107,69055695,6.2,564
2691,22000000,9.41834,95,13555988,6.1,152
2692,25000000,10.175138,113,40903593,7.3,1420
2693,500000,5.329195,122,33456317,7.1,197
2696,5000000,8.679349,104,27400000,6.1,165
2697,2000000,2.921405,104,11000000,5.6,63
2698,5000000,3.138159,123,2387127,6.6,119
2700,35000000,8.437587,105,27409889,7.2,531
2701,10000000,1.701134,112,6892098,5,1
2702,30000000,5.364459,108,34742066,6.8,331
2703,10000000,6.396767,98,10571408,6.5,138
2704,8000000,0.863547,93,16093651,5,29
2705,38000000,6.100498,93,5410749,4.3,134
2706,100000000,5.502098,116,97838349,5.5,379
2707,12000000,2.828884,86,17292381,5.3,64
2709,60000000,9.488117,92,165333180,5.4,1492
2711,17000000,1.542355,147,51000000,6,37
2712,16000000,9.356587,100,18564088,7,577
2713,50000000,8.997507,127,57059003,6.3,323
2714,3000000,3.891243,94,216166,6.4,82
2715,43000000,8.889064,84,68696770,5.4,500
2717,12000000,5.409557,111,110996879,6.4,233
2719,100000000,11.51021,125,94061311,5.5,1019
2720,8045760,10.357224,95,35150960,5.9,130
2721,10500000,0.377787,99,123509,8.5,2
2722,500000,12.428269,90,603943,6.8,170
2723,32000000,3.406836,75,3566637,6.5,49
2724,15000000,13.634766,110,32721635,6.3,744
2726,45000000,5.037224,134,38058335,6.2,224
2727,500000,15.014569,95,171760,6.1,320
2729,125000000,13.392824,97,498814908,6.3,4092
2730,7000000,7.436758,121,116700000,7.4,531
2731,19000000,12.446738,88,278019771,6.1,3044
2732,5000000,0.399156,90,485772,5.5,12
2733,40000000,4.182641,124,48093211,5.6,95
2734,40000000,10.24382,104,97552050,6.5,2838
2735,18000000,3.602031,77,11657385,5.5,90
2737,245000000,24.926577,148,880674609,6.4,6409
2738,120000000,10.901602,95,186053725,6.8,2295
2739,92000000,22.220214,115,631442092,7.7,9801
2740,90000000,13.809622,132,162360636,6.1,3455
2741,3800000,9.239882,121,2725258,6.2,138
2742,20000000,8.636632,99,100914445,7.2,1194
2743,50000000,10.738888,105,55495563,6.2,483
2744,22000000,11.698089,108,35424826,6.1,446
2746,40000000,12.725343,96,49627779,4.6,221
2748,63000000,11.624866,102,189015611,5.9,1189
2750,3000000,10.616859,120,14980005,8.2,3441
2752,3000000,15.170192,100,3221568,7.3,128
2753,12000000,8.783454,121,22921898,7,751
2755,40000000,4.985157,128,24332324,6,134
2756,25000000,14.686487,114,41597830,7.3,796
2758,784170,0.578456,80,834332,6.7,7
2760,12000000,2.977779,115,13380561,7.1,69
2761,1089360,0.663231,115,48298,6.5,23
2762,50000000,3.998494,113,22540359,5.9,86
2763,40000000,4.260945,104,27053815,5.3,92
2764,1556288,0.195677,128,1268395,5.3,3
2766,25000000,8.9256,121,152500343,6.9,1688
2767,20000000,16.626655,90,136150434,6,1370
2768,225000,0.466236,86,111300,7.1,14
2769,10000000,13.751992,98,42333295,5.9,723
2770,280000000,37.37942,141,1405403694,7.3,12057
2772,50000000,17.608346,137,3324330,6.2,856
2773,70000000,9.019114,116,116672912,6.2,556
2774,15000000,15.899134,95,6700000,6.7,244
2776,20000000,14.810519,107,7563728,6.3,584
2777,45000000,8.079541,100,17300889,4.8,218
2778,82000000,7.349843,113,190320568,6.3,1429
2779,25000000,5.918816,94,56422687,6.2,906
2780,35000000,5.23158,106,64350171,5.7,277
2781,7300,0.137676,87,13674,5.6,5
2782,48000000,7.349812,123,77745568,6.6,511
2783,36000000,8.867562,116,102244770,7.1,1003
2784,11000000,8.800455,140,34967437,7.1,401
2786,17000,7.759376,106,101236,6.2,78
2787,80000000,14.39853,118,157107755,6.7,3315
2790,40000000,7.196688,96,145896422,6.3,872
2791,4000000,3.856827,84,4630045,5.6,119
2792,115000000,7.455875,134,77628265,5.8,517
2793,68000000,42.061481,115,217022588,6.1,3969
2794,8500000,8.592449,100,43528634,6.8,2751
2795,10000000,1.551648,125,4069090,8.6,17
2796,14734000,2.156145,139,6775121,6.4,102
2797,4000000,5.317544,124,8200000,6.9,129
2799,70000000,9.819864,133,134748021,6,747
2802,100000000,29.741452,161,876688482,7.7,10853
2804,220000,9.972591,81,2040920,6.6,396
2805,8000000,11.521011,79,2275557,6,148
2806,35000000,8.061423,100,86369815,6,1061
2807,5300000,3.003526,168,22175908,6.6,87
2808,6000000,12.724645,103,70136369,7.6,2231
2809,35000000,8.910462,89,9771658,6.6,465
2811,11500000,8.719145,108,186702,7,205
2812,2200000,6.313465,121,282358,6.8,141
2813,11930000,7.95686,118,18340000,7,845
2815,25000000,9.218002,130,86175291,6.1,2348
2816,150000,9.203416,78,2891288,5.8,30
2821,1250000,8.710824,87,21722776,6,580
2822,20000000,7.423812,120,41637263,6.9,795
2825,18000000,10.151366,103,100000000,5.9,617
2826,1500000,4.877872,91,7412216,6.9,453
2828,19500000,4.683689,150,56000000,7.4,123
2829,8000000,6.603748,111,2033165,5.1,203
2831,18000000,1.975174,94,19265302,4.1,42
2832,15000000,7.904371,103,123384128,7,578
2834,80000000,8.524847,128,266728738,6.5,683
2835,14000000,8.204894,103,21409028,5.5,57
2836,12500000,1.830829,118,3878993,6.4,43
2837,16800000,6.626077,97,51029361,6.5,1189
2838,10500000,36.26051,93,25442939,5.7,1077
2839,95000000,11.348096,136,250288523,6.4,2025
2841,38000000,6.938921,95,153518974,5.9,316
2842,10000000,3.867472,96,17297244,6.3,207
2843,60000000,14.336187,130,90565421,6.3,2703
2844,39000000,1.381022,106,6614280,5,46
2846,75000000,12.949715,91,260696994,6.2,2302
2848,40000000,6.447072,134,67347013,6.9,362
2849,15000000,2.587727,130,16810383,6.5,35
2851,40000000,9.802889,108,12303411,6.8,371
2855,6000,5.283661,69,48482,7.2,618
2856,49300000,7.566053,137,24186232,8.2,619
2857,5400000,2.39989,130,6500000,7.2,47
2858,120000000,18.907948,117,461983149,6.7,6834
2859,3062000,2.07741,143,25034000,7.1,62
2860,22000000,12.383755,191,77737889,7.5,1105
2861,47000000,7.586577,96,102825796,5.8,994
2862,2000000,0.121844,107,1268793,4,4
2863,24000000,4.347609,124,8434146,5.7,76
2864,410000,0.769053,101,100,5,10
2866,130000000,12.854373,124,457363168,6.2,2788
2868,8000000,3.034823,107,143451,6.3,41
2869,13000000,13.655752,102,54837234,7.1,1031
2870,60000000,13.995044,110,176070171,6.7,2876
2871,12500000,10.944654,120,23367586,6.8,201
2872,5200000,4.230046,118,14723313,7,81
2873,3512454,0.110065,95,115860,6.3,31
2875,1500000,6.407207,93,32000,6.5,277
2876,38000000,4.990506,118,17380126,5.8,128
2877,18000000,12.677592,160,51973029,8,1907
2878,3000000,12.325947,95,18999718,6.2,526
2880,150000000,9.920223,131,205366737,6.4,2667
2881,40000000,13.707888,141,165478348,7.2,4050
2883,30000000,9.863584,104,68369434,5.6,739
2887,23000000,10.337689,97,36642838,6.3,521
2888,2000000,8.999948,124,21750000,7.3,121
2890,25000000,24.535733,102,83080890,4.9,1707
2891,35000000,10.169411,103,28128670,6.1,1323
2893,2700000,7.525382,109,141000000,7.1,704
2895,68000000,14.741992,124,71069884,6.7,694
2897,57000000,10.076223,105,16991902,6.1,284
2898,45000000,11.075674,117,178051587,6.6,678
2899,127500000,9.998415,82,354248063,6.4,1068
2900,200000,0.560685,100,486937,7.6,11
2901,75000000,9.883727,137,152368585,6.5,559
2903,16000000,16.770196,100,18928871,6.6,164
2904,4000000,19.348466,93,16491080,7.9,4889
2905,8000000,2.93818,106,589304,6.6,37
2906,21000000,10.234919,105,227799884,6.6,1026
2908,26000000,14.362544,89,8009329,5.7,137
2909,29000000,10.829116,110,48902953,6.7,794
2910,1365000,5.120036,110,2279000,7.7,133
2911,80000000,13.02369,114,78000586,5,312
2912,2800000,2.486073,135,2616503,7.2,58
2914,40000000,9.48515,105,29918745,6,1084
2915,87000000,2.48875,131,351692268,6.6,2128
2916,25000000,8.405395,122,10589102,6.1,501
2919,5000000,1.628629,107,13000000,6.4,39
2923,8500000,9.292099,106,16209459,5.6,273
2925,5000000,6.188286,95,142817992,5.3,955
2927,140000000,12.996474,133,431971116,5.9,1738
2929,32000000,11.428941,98,50907422,6.7,974
2930,16000000,15.15267,98,30857814,7.7,2212
2931,75000000,7.515631,94,36754634,6.5,467
2932,12000000,11.354247,182,20000000,7.3,99
2933,64000000,4.140398,133,74608570,5.3,119
2934,22000000,10.225555,94,77112176,6.2,408
2935,90000000,10.81552,93,102000000,5.6,598
2937,25000000,8.309565,118,48418160,5.9,718
2938,130000000,16.624854,124,403170142,6.4,7040
2939,9500000,7.778097,104,120000,6.6,528
2941,30000000,5.781667,106,6916869,6,229
2942,12000000,1.675406,108,117629,6.4,27
2943,38000000,13.217623,79,28921264,6.3,593
2944,31500000,13.5963,153,89460381,8.2,3591
2945,1000000,3.315827,128,37600000,6.5,58
2946,483103,0.205671,80,1027757,8.8,4
2948,35000000,13.912531,83,25182929,5.8,1182
2949,3000000,2.753674,96,6000000,7.2,90
2950,30000000,14.015739,97,114908830,5.8,1026
2951,13000000,10.564701,102,18704595,7.1,800
2952,25000000,10.542026,112,65663276,7.4,3617
2953,8500000,6.03633,119,19125401,6.4,169
2954,60000000,10.411608,103,13395939,5.6,424
2955,17000000,12.50422,133,29536299,6.3,427
2957,60000000,7.337906,103,35431113,5.6,331
2958,15000000,0.900864,85,22730842,7,13
2959,2300000,3.959411,145,4600000,7.3,105
2960,4600000,5.805666,117,1163967,5.9,89
2961,4000000,12.650546,94,125728258,6.1,286
2962,20000000,16.392712,132,57330873,7.1,752
2964,2500000,2.726061,99,589244,7.5,65
2965,61000000,13.52408,157,441809770,7.3,3050
2966,40000000,11.366417,96,87840042,5.2,510
2967,2000000,9.333533,134,7600000,7.8,392
2968,25000000,6.514132,95,2405420,3.8,197
2969,19800000,14.101101,137,87754044,7,420
2970,25000000,9.805017,129,411006740,6.4,1187
2971,20000000,4.414928,110,15379253,6.1,87
2974,20000000,5.871243,96,10442808,3.2,260
2975,45000000,11.618472,86,57881056,5.3,480
2976,16000000,4.372616,96,15427192,5.5,66
2977,53000000,5.3962,102,29700000,5.7,144
2979,35000000,6.629999,106,77477008,5.9,746
2980,300000,0.350207,144,2500000,7.5,10
2982,500000,4.893812,85,376597,6.5,128
2983,35000000,5.660835,108,791830,6.4,48
2984,80000000,13.334952,117,116643346,5.9,1157
2985,37665000,5.388535,113,14655628,5.4,129
2986,20000000,12.553403,84,16605763,5.6,89
2991,13000000,4.794088,112,91038276,6.4,621
2992,1135654,3.878515,149,1213880,7.5,55
2993,60000000,14.092373,128,219417255,7.2,3466
2997,65000000,14.482345,120,89456761,6.6,497
2998,42000000,15.725542,90,171963386,5.9,1349
2999,35000000,10.512109,106,82087155,5.7,1675
